id,titre,sous_composante,secteur,categorie,investment_status,project_status,funded_by,village,arrondissement,commune,departement,cout_estime
14433,2-Amélioration de l’accès à l’eau potable à travers la réalisation de quatre (4) forages,1.1,Forage simple,Accès à l'eau,p,N,,BANIKANNI-DOUWÉROU,1ER  ARRONDISSEMENT,PARAKOU,BORGOU,12000000
14415,2-Amélioration de l’accès à l’eau potable à travers la réalisation de trois forages,1.1,Forage simple,Accès à l'eau,p,N,,KPÉROU-GUÉRA,1ER  ARRONDISSEMENT,PARAKOU,BORGOU,12000000
14396,3. Amélioration de l'accès aux ressources pastorales à travers la réalisation d’un barrage à Donwari,1.1,Forage + abreuvoir,Accès à l'eau,p,N,,THIAN,1ER  ARRONDISSEMENT,PARAKOU,BORGOU,28000000
14531,"1_Amélioration de l'accès à l'eau potable à travers réalisation de trois (03) forage (Zongo, Tabayelou ; entre CEG et marché à bétail",1.1,Forage + abreuvoir,Accès à l'eau,p,N,,SOUROU,1ER  ARRONDISSEMENT,PARAKOU,BORGOU,28000000
12363,Aménagement d’un surcreusement de mare multifonctionnelle avec forage agro-pastoral,1.1,Forage + abreuvoir,Accès à l'eau,s,FNS,COSO,WOLO,PENESSOULOU,BASSILA,DONGA,35880570
4601,Réalisation d’un forage multifonctionnel à usage agro-pastoral,1.1,Forage simple,Accès à l'eau,s,FNS,COSO,NIBADARA,ALEDJO,BASSILA,DONGA,40000000
11603,Réalisation d’un forage multifonctionnel à usage agro-pastoral,1.1,Forage simple,Accès à l'eau,s,FNS,COSO,DIKOUMINI,DIPOLI,BOUKOMBE,ATACORA,46644980
12073,Réalisation d’un forage multifonctionnel à usage agro-pastoral,1.1,Forage simple,Accès à l'eau,s,FNS,COSO,KOUSSOUNOUNGOU,KOUSSOUCOINGOU,BOUKOMBE,ATACORA,43825536
10723,Réalisation d’un forage multifonctionnel à usage agro-pastoral,1.1,Forage simple,Accès à l'eau,s,FNS,COSO,KÉFÉRI-HINKANTÉ,KANDI 1,KANDI,ALIBORI,42000000
8268,1)  Construction d'un forage,1.1,Forage simple,Accès à l'eau,p,N,,WONKO DE NIKKI,NIKKI,NIKKI,BORGOU,12000000
14336,"1- Construction et équipement d’un dispensaire plus latrines, douches ;lampadaires solaireswéréké2- Réalisation de  couloir de passagewéréké3_Construction d’un module de classe pour la maternelle ,plus latrines, bureau ,magasin équipement en table et bancswéreké4 Réalisation  d’ un barragewéréké5-Réalisation de forage photovoltaïquewéréké 1-Construction des hangars,boutiq ues,caniveaux ,lampadaires  dans le marchéwéréké2-Construction d’une pharmacie vétérinaireEntre wéréké et bouyérou3-Construction de parc de vaccinationEntre wéréké et bouyérou4- Construction et équipement d'un marché moderne de bétailwéréké5- Construction  d'une boucherie moderne dans le marché de Wèrèkèwéréké1-construction et équipement d’un atelier de transformation de beurre de karité NON KANAIRAwéréké",1.1,Forage + abreuvoir,Accès à l'eau,p,N,,WÈRÈKÈ,OUENOU,N’DALI,BORGOU,28000000
4229,Réalisation d’un forage multifonctionnel à usage agro-pastoral,1.1,Forage simple,Accès à l'eau,s,FNS,COSO,KAGNIFÊLÊ,SEMERE 2,OUAKE,DONGA,35000000
14771,Réalisation de forage,1.1,Forage simple,Accès à l'eau,p,N,,BOO,NIKKI,NIKKI,BORGOU,12000000
14791,Réalisation de forage,1.1,Forage simple,Accès à l'eau,p,N,,DONKPARAWI,NIKKI,NIKKI,BORGOU,12000000
14395,2.-Ameélioration de l'accès à l'eau potable à travers la réalisation de trois forages photovoltaïque,1.1,Forage simple,Accès à l'eau,p,N,,THIAN,1ER  ARRONDISSEMENT,PARAKOU,BORGOU,12000000
14492,2.-Ameélioration de l'accès à l'eau potable à travers la réalisation de trois forages photovoltaïque,1.1,Forage simple,Accès à l'eau,p,N,,TOUROU-DISPENSAIRE,1ER  ARRONDISSEMENT,PARAKOU,BORGOU,12000000
14453,2-Amélioration de l’accès à l’eau potable à travers la réalisation de 4 forages photovoltaïques (dont 2 à multi-usages),1.1,Forage simple,Accès à l'eau,p,N,,MONNON DE PARAKOU1,1ER  ARRONDISSEMENT,PARAKOU,BORGOU,12000000
15343,Réalisation d’un forage multifonctionnel à usage agro-pastoral,1.1,Forage + abreuvoir,Accès à l'eau,p,FNS,COSO,BIGUINA HOLOUDÈ,BASSILA,BASSILA,DONGA,35500000
6947,Construction d'une pompe à motricité humaine au marché,1.2a,Forage simple,Accès à l'eau,p,N,,SONON,GUINAGOUROU,PERERE,BORGOU,12000000
15346,Réalisation d’un forage multifonctionnel à usage agro-pastoral,1.1,Forage + abreuvoir,Accès à l'eau,p,FNS,COSO,KOÏWALI,BASSILA,BASSILA,DONGA,35500000
15349,Aménagement d’un surcreusement de mare multifonctionnelle avec forage agro-pastoral,1.1,Forage + abreuvoir,Accès à l'eau,p,FNS,COSO,KOUKOUANGOU-BOUKOUMBÉ,BOUKOUMBE,BOUKOMBE,ATACORA,42000000
15350,Aménagement d’un surcreusement de mare multifonctionnelle avec forage agro-pastoral,1.1,Forage + abreuvoir,Accès à l'eau,p,FNS,COSO,KOUSSOCOINGOU,BOUKOUMBE,BOUKOMBE,ATACORA,42000000
15351,Aménagement d’un surcreusement de mare multifonctionnelle avec forage agro-pastoral,1.1,Forage + abreuvoir,Accès à l'eau,p,FNS,COSO,KOUTCHATAHONGOU,BOUKOUMBE,BOUKOMBE,ATACORA,42000000
15355,Réalisation d’un forage multifonctionnel à usage agro-pastoral,1.1,Forage + abreuvoir,Accès à l'eau,p,FNS,COSO,KOUKOUANKPANGOU,KOUSSOUCOINGOU,BOUKOMBE,ATACORA,43825536
9557,Construction d'un forage agro-pastorale,1.1,Forage + abreuvoir,Accès à l'eau,p,N,,GUÉNÉ-ZERMÉ,GUENE,MALANVILLE,ALIBORI,28000000
9572,Construction d'un forage agro-pastorale,1.3,Forage + abreuvoir,Accès à l'eau,p,N,,GUÉNÉ-ZERMÉ,GUENE,MALANVILLE,ALIBORI,28000000
3383,Construction d’un forage hydraulique d’approvisionnement en eau potable dans le marché,1.2a,Forage simple,Accès à l'eau,p,N,,KADOLASSI,BADJOUDE,OUAKE,DONGA,12000000
3918,Construction d'un forage hydraulique pour l'approvisionnement en eau potable dans le marché,1.2a,Forage simple,Accès à l'eau,p,N,,WÈKÈTÈ,KOMDE,OUAKE,DONGA,12000000
15356,Réalisation d’un forage multifonctionnel à usage agro-pastoral,1.1,Forage + abreuvoir,Accès à l'eau,p,FNS,COSO,KOUMAAGOU,BOUKOUMBE,BOUKOMBE,ATACORA,25000000
15358,Réalisation d’un forage multifonctionnel à usage agro-pastoral,1.1,Forage + abreuvoir,Accès à l'eau,p,FNS,COSO,KOUSSAYAGOU,BOUKOUMBE,BOUKOMBE,ATACORA,35500000
15360,Réalisation d’un forage multifonctionnel à usage agro-pastoral,1.1,Forage + abreuvoir,Accès à l'eau,p,FNS,COSO,KOUTCHATA,BOUKOUMBE,BOUKOMBE,ATACORA,25000000
15368,Réalisation d’un forage multifonctionnel à usage agro-pastoral,1.1,Forage + abreuvoir,Accès à l'eau,p,FNS,COSO,TCHAMONGA,DATORI,COBLY,ATACORA,56200000
15361,Réalisation d’un forage multifonctionnel à usage agro-pastoral,1.1,Forage + abreuvoir,Accès à l'eau,p,FNS,COSO,TATOUTA,BOUKOUMBE,BOUKOMBE,ATACORA,25000000
15369,Réalisation d’un forage multifonctionnel à usage agro-pastoral,1.1,Forage + abreuvoir,Accès à l'eau,p,FNS,COSO,TOKIBI,DATORI,COBLY,ATACORA,56453754
3469,"2- Realiser cinq forages à Bissetoupour ,  améliorer  l'accès à l'eau potable à tous les ménages",1.1,Forage simple,Accès à l'eau,p,N,,BISSÉTOUGOU,BADJOUDE,OUAKE,DONGA,12000000
15376,Réalisation d’un forage multifonctionnel à usage agro-pastoral,1.1,Forage + abreuvoir,Accès à l'eau,p,FNS,COSO,NOUMANÈ,DJOUGOU III,DJOUGOU,DONGA,60000000
14454,3-Amélioration de l’accès à l’eau pour l’abreuvage des animaux à travers la réalisation d’un barrage multi-usages à Thian Berekou,1.1,Forage + abreuvoir,Accès à l'eau,p,N,,MONNON DE PARAKOU1,1ER  ARRONDISSEMENT,PARAKOU,BORGOU,28000000
15393,Réalisation d’un forage multifonctionnel à usage agro-pastoral,1.1,Forage + abreuvoir,Accès à l'eau,p,FNS,COSO,SABOULA,BIRNI LAFIA,KARIMAMA,ALIBORI,50000000
15396,Réalisation d’un forage multifonctionnel à usage agro-pastoral,1.1,Forage + abreuvoir,Accès à l'eau,p,FNS,COSO,GANIKPÉROU,OROUKAYO,KOUANDE,ATACORA,35500000
15399,Réalisation d’un forage multifonctionnel à usage agro-pastoral,1.1,Forage + abreuvoir,Accès à l'eau,p,FNS,COSO,SOMBOKO,OROUKAYO,KOUANDE,ATACORA,35500000
15400,Réalisation d’un forage multifonctionnel à usage agro-pastoral,1.1,Forage + abreuvoir,Accès à l'eau,p,FNS,COSO,YINKÈNÈ,OROUKAYO,KOUANDE,ATACORA,35500000
15401,Aménagement d’aires de pâturage,1.1,Forage + abreuvoir,Accès à l'eau,p,FNS,COSO,GAABO,GAROU,MALANVILLE,ALIBORI,49000000
15402,Réalisation d’un forage multifonctionnel à usage agro-pastoral,1.1,Forage + abreuvoir,Accès à l'eau,p,FNS,COSO,GOROUSSOUNDOUGOU,MADECALI,MALANVILLE,ALIBORI,40000000
15405,Réalisation d’un forage multifonctionnel à usage agro-pastoral,1.1,Forage + abreuvoir,Accès à l'eau,p,FNS,COSO,SENDÉ,MADECALI,MALANVILLE,ALIBORI,40000000
15406,Réalisation d’un forage multifonctionnel à usage agro-pastoral,1.1,Forage + abreuvoir,Accès à l'eau,p,FNS,COSO,TCHASSAGA,GOUANDE,MATERI,ATACORA,40000000
15418,Extention du réseau SONEB,1.1,Forage simple,Accès à l'eau,p,FNS,COSO,PÉHONCO-TATAPOURANOU,PEHUNCO,PEHUNCO,ATACORA,40000000
15422,Réalisation d’un forage multifonctionnel à usage agro-pastoral,1.1,Forage + abreuvoir,Accès à l'eau,p,FNS,COSO,WOKOU DE PEHUNCO,PEHUNCO,PEHUNCO,ATACORA,65000000
15424,Aménagement d’un surcreusement de mare multifonctionnelle avec forage agro-pastoral,1.1,Forage + abreuvoir,Accès à l'eau,p,FNS,COSO,CORONCORÉ,COTIAKOU,TANGUIETA,ATACORA,31000000
15097,3) Réalisation d’un point d’eau dans le marché de Tobré,1.2a,Forage simple,Accès à l'eau,p,N,,OUASSA-MARO,TOBRE,PEHUNCO,ATACORA,12000000
15436,Réalisation d’un forage multifonctionnel à usage agro-pastoral,1.1,Forage + abreuvoir,Accès à l'eau,p,FNS,COSO,PARABOU,COTIAKOU,TANGUIETA,ATACORA,43000000
15439,Réalisation d’un forage multifonctionnel à usage agro-pastoral,1.1,Forage + abreuvoir,Accès à l'eau,p,FNS,COSO,TORICONCONÉ,COTIAKOU,TANGUIETA,ATACORA,43000000
15441,Réalisation d’un forage multifonctionnel à usage agro-pastoral,1.1,Forage + abreuvoir,Accès à l'eau,p,FNS,COSO,GARAROU,TCHATCHOU,TCHAOUROU,BORGOU,41000000
15442,Réalisation d’un forage multifonctionnel à usage agro-pastoral,1.1,Forage + abreuvoir,Accès à l'eau,p,FNS,COSO,GOUSSOUAMBOU,TCHATCHOU,TCHAOUROU,BORGOU,41000000
15443,Réalisation d’un forage multifonctionnel à usage agro-pastoral,1.1,Forage + abreuvoir,Accès à l'eau,p,FNS,COSO,MOUSSITINGOU,TOUKOUNTOUNA,TOUKOUNTOUNA,ATACORA,37500000
15444,Réalisation d’un forage multifonctionnel à usage agro-pastoral,1.1,Forage + abreuvoir,Accès à l'eau,p,FNS,COSO,TCHAKALAKOU,TOUKOUNTOUNA,TOUKOUNTOUNA,ATACORA,37500000
15445,Réalisation d’un forage multifonctionnel à usage agro-pastoral,1.1,Forage + abreuvoir,Accès à l'eau,p,FNS,COSO,TÉCTIBAYAOU,TOUKOUNTOUNA,TOUKOUNTOUNA,ATACORA,37500000
4430,Construction d’un module de deux salles de classes et équipements +blocs de latrines +eau potable à l’école maternelle de Igbèrè,1.1,Forage simple,Accès à l'eau,p,N,,IGBÈRÈ,MANIGRI,BASSILA,DONGA,12000000
15455,Sécurisation des espaces pastoraux sur 33 km de couloirs de mobilité de bétail  et 33 ha des aires de pâturages (Gougnir,1.1,Forage + abreuvoir,Accès à l'eau,p,FNS,COSO,GOUGNIROU,FOUNOUGO,BANIKOARA,ALIBORI,31800000
15456,Sécurisation des espaces pastoraux sur 46 km de couloirs de mobilité de bétail et 6 ha des aires de pâturages (Gbédodou-,1.1,Forage + abreuvoir,Accès à l'eau,p,FNS,COSO,FOUNOUGO-YOMON,FOUNOUGO,BANIKOARA,ALIBORI,31800000
15457,Sécurisation des espaces pastoraux sur 5 km de couloirs de mobilité de bétail (Kaligarou-Pokoussorou-Sokouyérou-Yanouban,1.1,Forage + abreuvoir,Accès à l'eau,p,FNS,COSO,GOUGNIROU,FOUNOUGO,BANIKOARA,ALIBORI,31800000
15463,Délimitation et aménagement de couloir de passage des animaux des campements vers les points d'eau au profit de la commu,1.1,Forage + abreuvoir,Accès à l'eau,p,FNS,COSO,DATORI,DATORI,COBLY,ATACORA,67400498
15466,Délimitation et sécurisation des couloirs de passage des animaux des campements vers le Barrage de Kika et des  campemen,1.1,Forage + abreuvoir,Accès à l'eau,p,FNS,COSO,BOUDÉ,TOBRE,PEHUNCO,ATACORA,25500000
15469,Aménagement de pistes et/ou construction des ouvrages hydrauliques dans la communauté de Bassala,1.1,Forage simple,Accès à l'eau,p,FNS,COSO,BASSALA,DJOUGOU II,DJOUGOU,DONGA,32500000
15474,Délimitation et sécurisation de l'aire de pâturage de Korégoussou à Mélayakoara d'environ 50 ha,1.1,Forage + abreuvoir,Accès à l'eau,p,FNS,COSO,MÉLAYAKOUARA,MADECALI,MALANVILLE,ALIBORI,25000000
15475,Aménagement d'une  aire de pâturages et sécurisation des couloirs de passage des animaux.,1.1,Forage + abreuvoir,Accès à l'eau,p,FNS,COSO,TOUCARÈ,DERASSI,KALALE,BORGOU,33000000
15485,Délimitation et aménagement de couloir de passage des animaux des campements vers les points d'eau et aires de pâturage,1.1,Forage + abreuvoir,Accès à l'eau,p,FNS,COSO,NOWÊRÈRÈ,COTIAKOU,TANGUIETA,ATACORA,44000000
15489,Amélioration à l’accès à l’eau potable dans le village de Ouénagourou à travers la réalisation de trois (03) Postes d'Ea,1.1,Forage + abreuvoir,Accès à l'eau,p,FNS,COSO,OUÉNAGOUROU,DUNKASSA,KALALE,BORGOU,50000000
15490,Amélioration à l’accès à l’eau potable dans le village de Gawézi à travers la réalisation  de deux (2) Postes d'Eau Auto,1.1,Forage + abreuvoir,Accès à l'eau,p,FNS,COSO,GAWÉZI,BASSO,KALALE,BORGOU,60000000
15491,Amélioration de l'accès à l'eau potable dans le village de Gbèkona à travers la réalisation de deux postes d'eau autonom,1.1,Forage + abreuvoir,Accès à l'eau,p,FNS,COSO,GBÈKONA,BASSO,KALALE,BORGOU,60000000
4168,"Créer, équipé et exploiter un centre de formation artisanale, de fabrication de matériel agricole et de réparation, d’entretien et de maintenance des forages",1.3,Forage simple,Accès à l'eau,p,N,,TCHINGAYARÉ,SEMERE 1,OUAKE,DONGA,12000000
4128,"Créer, équipé et exploiter un centre de formation artisanale, de réparation d’entretien et de maintien des forages",1.3,Forage simple,Accès à l'eau,p,N,,KOUBLY,SEMERE 1,OUAKE,DONGA,12000000
4148,"Créer, équipé et exploiter un centre de formation artisanale, de réparation d’entretien et la maintien des forages",1.3,Forage simple,Accès à l'eau,p,N,,OURAMARÉ,SEMERE 1,OUAKE,DONGA,12000000
4348,"Créer équiper et exploiter un centre de formation artisanale de formation, d'entretien et de maintien des forages",1.3,Forage simple,Accès à l'eau,p,N,,GNALO,SEMERE 1,OUAKE,DONGA,12000000
9899,Doter les femmes et les jeunes des motopompes pour la culture en saison sèche,1.2b,Forage simple,Accès à l'eau,p,N,,MADÉCALI-ZONGO,MADECALI,MALANVILLE,ALIBORI,12000000
14340,5-Réalisation de forage photovoltaïque,1.1,Forage simple,Accès à l'eau,p,N,,WÈRÈKÈ,OUENOU,N’DALI,BORGOU,12000000
9929,5-Réaliser et équiper un forage au campement Doka héri,1.1,Forage simple,Accès à l'eau,p,N,,GODJÉKOARA,MADECALI,MALANVILLE,ALIBORI,12000000
13139,Accès à  eau potable,1.1,Forage simple,Accès à l'eau,p,N,,SONNOUGOBÉROU,GUILMARO,KOUANDE,ATACORA,12000000
14037,Accès à l'eau potable (Forages),1.1,Forage simple,Accès à l'eau,p,N,,TOUKOUNTOUNA,TOUKOUNTOUNA,TOUKOUNTOUNA,ATACORA,12000000
15524,Amélioration à l’accès à l’eau potable dans le village de Dadi à travers la réalisation de deux 02 Postes d'Eau Autonome,1.1,Forage + abreuvoir,Accès à l'eau,p,FNS,COSO,DADI,DUNKASSA,KALALE,BORGOU,50000000
15539,Aménagement de couloirs pastoraux et d’aires de pâturage,1.1,Forage + abreuvoir,Accès à l'eau,p,FNS,COSO,SOROKO,SOROKO,BANIKOARA,ALIBORI,50000000
15540,Aménagement de couloirs pastoraux et d’aires de pâturage,1.1,Forage + abreuvoir,Accès à l'eau,p,FNS,COSO,SAMPÈTO,FOUNOUGO,BANIKOARA,ALIBORI,31800000
15541,Aménagement de couloirs pastoraux et d’aires de pâturage,1.1,Forage + abreuvoir,Accès à l'eau,p,FNS,COSO,SISSIANGANROU,FOUNOUGO,BANIKOARA,ALIBORI,31800000
15542,Aménagement de couloirs pastoraux et d’aires de pâturage,1.1,Forage + abreuvoir,Accès à l'eau,p,FNS,COSO,IBOTO,FOUNOUGO,BANIKOARA,ALIBORI,31800000
3490,Construction des forages agropastorales,1.1,Forage + abreuvoir,Accès à l'eau,p,N,,AKPADÈ,BADJOUDE,OUAKE,DONGA,28000000
15544,Aménagement d’un surcreusement de mare multifonctionnelle avec forage agro-pastoral,1.1,Forage + abreuvoir,Accès à l'eau,p,FNS,COSO,AWO,PENESSOULOU,BASSILA,DONGA,35880570
15551,Réalisation d’un forage multifonctionnel à usage agro-pastoral,1.1,Forage + abreuvoir,Accès à l'eau,p,FNS,COSO,BIGUINA TOSSO,BASSILA,BASSILA,DONGA,35500000
15552,Réalisation d’un forage multifonctionnel à usage agro-pastoral,1.1,Forage + abreuvoir,Accès à l'eau,p,FNS,COSO,DOGUÈ,BASSILA,BASSILA,DONGA,35500000
15554,Réalisation d’un forage multifonctionnel à usage agro-pastoral,1.1,Forage + abreuvoir,Accès à l'eau,p,FNS,COSO,IGADOUGOU,ALEDJO,BASSILA,DONGA,40000000
15557,Réalisation d’un forage multifonctionnel à usage agro-pastoral,1.1,Forage + abreuvoir,Accès à l'eau,p,FNS,COSO,KIKÉLÉ,BASSILA,BASSILA,DONGA,35500000
12093,Équipement et dotation du matériel (Motopompe arrosoir bottes raccord râteaux) de maraîchage au profit du groupement DÈWÈTI,1.2b,Forage simple,Accès à l'eau,p,N,,KOUTAYAGOU,KOUSSOUCOINGOU,BOUKOMBE,ATACORA,12000000
15564,Réalisation d’un forage multifonctionnel à usage agro-pastoral,1.1,Forage + abreuvoir,Accès à l'eau,p,FNS,COSO,TCHÉTOU,PENESSOULOU,BASSILA,DONGA,35880570
14159,Etudesetconstructiond'unbarrageagro-pastoral,1.1,Forage + abreuvoir,Accès à l'eau,p,N,,ADA-KPANÉ,BOUCA,KALALE,BORGOU,28000000
15572,Réalisation d’un forage multifonctionnel à usage agro-pastoral,1.1,Forage + abreuvoir,Accès à l'eau,p,FNS,COSO,KOUSSOUCOINGOU,KOUSSOUCOINGOU,BOUKOMBE,ATACORA,43825536
15573,Réalisation d’un forage multifonctionnel à usage agro-pastoral,1.1,Forage + abreuvoir,Accès à l'eau,p,FNS,COSO,KOUWETAKOUANGOU,KOUSSOUCOINGOU,BOUKOMBE,ATACORA,43825536
3622,Construction d'un forage,1.2a,Forage simple,Accès à l'eau,p,N,,ALAYOMDÈ,OUAKE,OUAKE,DONGA,12000000
15576,Aménagement d’un surcreusement,1.1,Forage + abreuvoir,Accès à l'eau,p,FNS,COSO,DITCHENDIA,BOUKOUMBE,BOUKOMBE,ATACORA,42000000
15577,Aménagement d’un surcreusement,1.1,Forage + abreuvoir,Accès à l'eau,p,FNS,COSO,KOTOTOUGOU,BOUKOUMBE,BOUKOMBE,ATACORA,42000000
15580,Réalisation d’un forage multifonctionnel à usage agro-pastoral,1.1,Forage + abreuvoir,Accès à l'eau,p,FNS,COSO,KOUKOUATCHIENGOU,BOUKOUMBE,BOUKOMBE,ATACORA,25000000
15581,Réalisation d’un forage multifonctionnel à usage agro-pastoral,1.1,Forage + abreuvoir,Accès à l'eau,p,FNS,COSO,KOUMATIÉ,BOUKOUMBE,BOUKOMBE,ATACORA,25000000
15583,Réalisation d’un forage multifonctionnel à usage agro-pastoral,1.1,Forage + abreuvoir,Accès à l'eau,p,FNS,COSO,KOUNTCHOUGOU,BOUKOUMBE,BOUKOMBE,ATACORA,25000000
15584,Réalisation d’un forage multifonctionnel à usage agro-pastoral,1.1,Forage + abreuvoir,Accès à l'eau,p,FNS,COSO,KOUTAYAGOU,KOUSSOUCOINGOU,BOUKOMBE,ATACORA,43825536
15585,Réhabilitation d’une retenue d’eau à usage agro-pastoral,1.1,Forage + abreuvoir,Accès à l'eau,p,FNS,COSO,KOUTCHA-KOUMAGOU,NATA,BOUKOMBE,ATACORA,55200000
3674,Construction de forage photopholtaique,1.1,Forage + abreuvoir,Accès à l'eau,p,N,,YAMSALÉ,KOMDE,OUAKE,DONGA,28000000
15586,Réalisation d’un forage multifonctionnel à usage agro-pastoral,1.1,Forage + abreuvoir,Accès à l'eau,p,FNS,COSO,KOUTOUTOUGOU,NATA,BOUKOMBE,ATACORA,35500000
15587,Aménagement d’un surcreusement,1.1,Forage + abreuvoir,Accès à l'eau,p,FNS,COSO,OKOUARO,KORONTIERE,BOUKOMBE,ATACORA,44000000
15588,Réalisation d’un forage multifonctionnel à usage agro-pastoral,1.1,Forage + abreuvoir,Accès à l'eau,p,FNS,COSO,OUKOUNSÉRIHOUN,DIPOLI,BOUKOMBE,ATACORA,46644980
15589,Réhabilitation d’une retenue d’eau à usage agro-pastoral,1.1,Forage + abreuvoir,Accès à l'eau,p,FNS,COSO,TADOWONTA,KORONTIERE,BOUKOMBE,ATACORA,64500000
15590,Réalisation d’un forage multifonctionnel à usage agro-pastoral,1.1,Forage + abreuvoir,Accès à l'eau,p,FNS,COSO,TAKPANTA,KOUSSOUCOINGOU,BOUKOMBE,ATACORA,43825536
15593,Aménagement d’un surcreusement,1.1,Forage + abreuvoir,Accès à l'eau,p,FNS,COSO,TAPOGA,TAPOGA,COBLY,ATACORA,45000000
15594,Réalisation d’un forage multifonctionnel à usage agro-pastoral,1.1,Forage + abreuvoir,Accès à l'eau,p,FNS,COSO,ANANDANA,ANANDANA,COPARGO,DONGA,46500000
15595,Réalisation d’un forage multifonctionnel à usage agro-pastoral,1.1,Forage + abreuvoir,Accès à l'eau,p,FNS,COSO,KOUBÉNÉBÉNÉ,ANANDANA,COPARGO,DONGA,46500000
15596,Réalisation d’un forage multifonctionnel à usage agro-pastoral,1.1,Forage + abreuvoir,Accès à l'eau,p,FNS,COSO,KOUTCHANTI,ANANDANA,COPARGO,DONGA,46500000
15597,Réalisation d’un forage multifonctionnel à usage agro-pastoral,1.1,Forage + abreuvoir,Accès à l'eau,p,FNS,COSO,N’DAM,ANANDANA,COPARGO,DONGA,46500000
15598,Réalisation d’un forage multifonctionnel à usage agro-pastoral,1.1,Forage + abreuvoir,Accès à l'eau,p,FNS,COSO,PARGOUTÈ,ANANDANA,COPARGO,DONGA,46500000
4116,Construction de forage,1.2a,Forage + abreuvoir,Accès à l'eau,p,N,,KOUBLY,SEMERE 1,OUAKE,DONGA,28000000
15610,Réalisation d’un forage multifonctionnel à usage agro-pastoral,1.1,Forage + abreuvoir,Accès à l'eau,p,FNS,COSO,SEHVESSI,DJOUGOU III,DJOUGOU,DONGA,60000000
15615,Aménagement d’un surcreusement,1.1,Forage + abreuvoir,Accès à l'eau,p,FNS,COSO,YOLLA,KALALE,KALALE,BORGOU,40000000
3030,Point d'eau dans le marché,1.2a,Forage simple,Accès à l'eau,p,N,,TASSIGOUROU,BIRNI,KOUANDE,ATACORA,12000000
15148,Point d’eau potable,1.1,Forage simple,Accès à l'eau,p,N,,GOUNTIA,TOBRE,PEHUNCO,ATACORA,12000000
10208,Réalisation de 6 forages équipés de pompes à motricité humaine,1.1,Forage simple,Accès à l'eau,p,N,,SAKAWAN-TÉDJI,TOUMBOUTOU,MALANVILLE,ALIBORI,12000000
4782,Réalisation de couloirs de passage et aire de pâturage muni d'un forage au profit des éleveurs,1.1,Forage simple,Accès à l'eau,p,N,,SÈLROU,DJOUGOU I,DJOUGOU,DONGA,12000000
10234,Réalisation de deux forages équipés de pompes à motricité humaine dans le marché de Sakawan Zénon,1.2a,Forage simple,Accès à l'eau,p,N,,SAKAWAN-ZÉNON,TOUMBOUTOU,MALANVILLE,ALIBORI,12000000
10273,Réalisation de deux forages équipés de pompes à motricité humaine dans le marché de Toumboutou,1.2a,Forage simple,Accès à l'eau,p,N,,MOLLA,TOUMBOUTOU,MALANVILLE,ALIBORI,12000000
15624,Réalisation d’un forage multifonctionnel à usage agro-pastoral,1.1,Forage + abreuvoir,Accès à l'eau,p,FNS,COSO,GNEL-DJOBO,PEONGA,KALALE,BORGOU,40000000
15626,Réalisation d’un forage multifonctionnel à usage agro-pastoral,1.1,Forage + abreuvoir,Accès à l'eau,p,FNS,COSO,KORODJI,PEONGA,KALALE,BORGOU,42000000
11703,Réalisation d’un forage multifonctionnel à usage agro-pastoral,1.1,Forage + abreuvoir,Accès à l'eau,s,FNS,COSO,NATCHÉNTÉ,DIPOLI,BOUKOMBE,ATACORA,46644980
3518,Réalisation des forages hydraulique améliorer l'accès à l'eau potable à tous les ménages,1.1,Forage simple,Accès à l'eau,p,N,,TCHITCHAKOU,BADJOUDE,OUAKE,DONGA,12000000
6362,Réalisation d'une pompe à motricité humaine dans le centre de formation,1.2b,Forage simple,Accès à l'eau,p,N,,NASSY,GUINAGOUROU,PERERE,BORGOU,12000000
4772,Réalisation d'un forage au profit des maraîchers,1.2b,Forage simple,Accès à l'eau,p,N,,MORWATCHOHI,DJOUGOU I,DJOUGOU,DONGA,12000000
4887,Réalisation d'un forage au sein du marché de Bassila,1.2a,Forage simple,Accès à l'eau,p,N,,BASSILA BAKABAKA,BASSILA,BASSILA,DONGA,12000000
6322,Réalisation d'un forage dans le centre de transformations,1.2b,Forage simple,Accès à l'eau,p,N,,BÉRÉKOUDO,GUINAGOUROU,PERERE,BORGOU,12000000
4768,Réalisation d'un forage dans le marché de Taïfa,1.2a,Forage simple,Accès à l'eau,p,N,,MORWATCHOHI,DJOUGOU I,DJOUGOU,DONGA,12000000
15079,Réalisation d’un point d’eau dans le marché de Tobré,1.2a,Forage simple,Accès à l'eau,p,N,,NINGOUSSOUROU,TOBRE,PEHUNCO,ATACORA,12000000
4297,Construction des forages,1.2a,Forage + abreuvoir,Accès à l'eau,p,N,,BAPARAPÉÏ,SEMERE 1,OUAKE,DONGA,28000000
15633,Aménagement du bas-fond et mise en place d'un système de maîtrise d’eau pour la riziculture,1.1,Forage simple,Accès à l'eau,p,FNS,COSO,KARIMAMA-DENDI-KOURÉ,KARIMAMA,KARIMAMA,ALIBORI,50000000
3719,Réhabilitation du forage,1.2a,Forage simple,Accès à l'eau,p,N,,ADJÊDÈ,KOMDE,OUAKE,DONGA,12000000
12707,"Rénovation du marché de marché de Taïfa (Construction de boutiques, de magasins, latrines à 4 cabines, forage avec château sur support métallique + système de pompage photovoltaïque + bornes fontaines et local technique et lampadaires",1.2a,Forage simple,Accès à l'eau,p,N,,MADINA DE DJOUGOU1,DJOUGOU I,DJOUGOU,DONGA,12000000
12747,"Rénovation du marché de marché de Taïfa (Construction de boutiques, de magasins, latrines à 4 cabines, forage avec château sur support métallique + système de pompage photovoltaïque + bornes fontaines et local technique et lampadaires",1.2a,Forage simple,Accès à l'eau,p,N,,ZONGO DE DJOUGOU1,DJOUGOU I,DJOUGOU,DONGA,12000000
15641,Aménagement du bas-fond et mise en place d'un système de maîtrise d’eau pour la riziculture,1.1,Forage simple,Accès à l'eau,p,FNS,COSO,KOMPANTI,KOMPA,KARIMAMA,ALIBORI,42000000
8055,Amélioration de l'accès à l'eau à travers d'un point d'eau dans le marché de dépôt,1.2a,Forage simple,Accès à l'eau,p,N,,KABASSIRA,1ER  ARRONDISSEMENT,PARAKOU,BORGOU,12000000
8135,Amélioration de l’accès à l’eau à travers la Création d’un  point d’eau dans le marché Dépôt,1.2a,Forage simple,Accès à l'eau,p,N,,OUÉZÉ,1ER  ARRONDISSEMENT,PARAKOU,BORGOU,12000000
8086,Amélioration de l’accès à l’eau à travers la réalisation de 04 Forages équipés d’un dispositif solaire,1.1,Forage simple,Accès à l'eau,p,N,,KPÉBIÉ DE PARAKOU1,1ER  ARRONDISSEMENT,PARAKOU,BORGOU,12000000
8046,Amélioration de l'accès à l'eau à travers la réalisation de 3 forages,1.1,Forage simple,Accès à l'eau,p,N,,KABASSIRA,1ER  ARRONDISSEMENT,PARAKOU,BORGOU,12000000
14356,Amélioration de l’accès à l’eau à travers la réalisation de deux forages équipés d’un dispositif solaire,1.1,Forage simple,Accès à l'eau,p,N,,ALAGA,1ER  ARRONDISSEMENT,PARAKOU,BORGOU,12000000
8126,Amélioration de l’accès à l’eau à travers la réalisation de trois forages,1.1,Forage simple,Accès à l'eau,p,N,,OUÉZÉ,1ER  ARRONDISSEMENT,PARAKOU,BORGOU,12000000
8174,Amélioration de l'accès à l'eau à travers la réalisation d'un point d'eau dans le marché de Madina,1.2a,Forage simple,Accès à l'eau,p,N,,KADÉRA,1ER  ARRONDISSEMENT,PARAKOU,BORGOU,12000000
15643,Réalisation d’un forage multifonctionnel à usage agro-pastoral,1.1,Forage + abreuvoir,Accès à l'eau,p,FNS,COSO,MISSIRA,BIRNI LAFIA,KARIMAMA,ALIBORI,50000000
11893,Réalisation d’un forage multifonctionnel à usage agro-pastoral,1.1,Forage simple,Accès à l'eau,s,P,COSO,KOUMONTCHIRGOU,BOUKOUMBE,BOUKOMBE,ATACORA,25000000
14288,Protection et équipement du périmètre maraîcher au profit des femmes,1.2b,Forage simple,Accès à l'eau,s,P,COSO,GNEL-BOUCATOU,BOUCA,KALALE,BORGOU,2400000
5969,Amélioration de l'accès à l'eau d'abreuvement du bétail à travers l'étude et la réhabilitation (désensablement) de la retenue d'eau de yarra Bariba,1.1,Forage + abreuvoir,Accès à l'eau,p,N,,YARRA-BARIBA,SEKERE,SINENDE,BORGOU,28000000
3160,Amélioration de l’accès à l’eau potable,1.1,Forage simple,Accès à l'eau,p,N,,KILIR,DJOUGOU I,DJOUGOU,DONGA,12000000
11916,Amélioration de l’accès à l’eau potable,1.1,Forage simple,Accès à l'eau,p,N,,KOTOTOUGOU,BOUKOUMBE,BOUKOMBE,ATACORA,12000000
8168,Amélioration de l'accès à l'eau potable à travers la construction d'un forage,1.1,Forage simple,Accès à l'eau,p,N,,KADÉRA,1ER  ARRONDISSEMENT,PARAKOU,BORGOU,12000000
14375,Amélioration de l’accès à l’eau potable à travers la réalisation de quatre (4) forages photovoltaïques dans les quatre zones,1.1,Forage simple,Accès à l'eau,p,N,,ALBARIKA,1ER  ARRONDISSEMENT,PARAKOU,BORGOU,12000000
13478,Réalisation d’un forage multifonctionnel à usage agro-pastoral,1.1,Forage + abreuvoir,Accès à l'eau,s,P,COSO,BORIFIÉRI,NODI,MATERI,ATACORA,42500000
7278,1-Aménagement dun périmètre maraicher + forages photovoltaïques  Equipements et/ou acquisitions diverses,1.2b,Forage simple,Accès à l'eau,p,N,,KALALÉ-SESSOUAN,KALALE,KALALE,BORGOU,12000000
7256,1-Aménagement dun périmètre maraicher + forages photovoltaïques  Equipements et/ou acquisitions diverses,1.2b,Forage simple,Accès à l'eau,p,N,,KALALÉ,KALALE,KALALE,BORGOU,12000000
15659,Réalisation d’un forage multifonctionnel à usage agro-pastoral,1.1,Forage + abreuvoir,Accès à l'eau,p,FNS,COSO,OROUGBÉNI,OROUKAYO,KOUANDE,ATACORA,35500000
5015,Amélioration de l’accès à l’eau potable au profit de la communauté,1.1,Forage simple,Accès à l'eau,p,N,,LÉMAN-MANDÈ,DJOUGOU II,DJOUGOU,DONGA,12000000
5091,Amélioration de l’accès à l’eau potable au profit de la communauté,1.1,Forage simple,Accès à l'eau,p,N,,FORMAGAZI,DJOUGOU III,DJOUGOU,DONGA,12000000
3977,Amélioration de l’accès à l’eau potable aux commerçantes du marché d’arrondissement à l’aide d’un forage photovoltaïque nécessaire pour réduire leurs peines en matière ́approvisionnement en l’eau potable,1.2a,Forage simple,Accès à l'eau,p,N,,GBAOU,SEMERE 2,OUAKE,DONGA,12000000
3849,Réalisation d’un forage multifonctionnel à usage agro-pastoral,1.1,Forage simple,Accès à l'eau,s,P,COSO,KPÉLOUDÈ,OUAKE,OUAKE,DONGA,35000000
4169,Réalisation d’un forage multifonctionnel à usage agro-pastoral,1.1,Forage simple,Accès à l'eau,s,P,COSO,AGUÉOU-GARBA,SEMERE 2,OUAKE,DONGA,35000000
4210,Réalisation d’un forage multifonctionnel à usage agro-pastoral,1.1,Forage simple,Accès à l'eau,s,P,COSO,GAO,SEMERE 2,OUAKE,DONGA,35000000
9231,2) Amélioration de l'accès à l'eau potable à travers la réhabilitation des bornes fontaines de Banizoumbou/ réalisation d’un (01) forage équipé de dispositif solaire plus château avec borne fontaine et système d'abreuvement à Banizoumbou,1.1,Forage + abreuvoir,Accès à l'eau,p,N,,BANIZOUMBOU,KOMPA,KARIMAMA,ALIBORI,28000000
14889,Réalisation de forage,1.1,Forage simple,Accès à l'eau,p,N,,BAROUGOUROUSSI,NIKKI,NIKKI,BORGOU,12000000
9251,Aménagement du bas-fond et mise en place d'un système de maîtrise d’eau pour la riziculture,1.1,Forage + abreuvoir,Accès à l'eau,s,FNS,COSO,GOUNGOU-BÉRI,KOMPA,KARIMAMA,ALIBORI,42000000
14907,Réalisation des forages,1.1,Forage simple,Accès à l'eau,p,N,,GOURÉ-GBATA,NIKKI,NIKKI,BORGOU,12000000
15664,Réalisation d’un forage multifonctionnel à usage agro-pastoral,1.1,Forage + abreuvoir,Accès à l'eau,p,FNS,COSO,SOWA,KOUANDE,KOUANDE,ATACORA,35500000
10825,Réalisation d’un forage multifonctionnel à usage agro-pastoral,1.1,Forage simple,Accès à l'eau,s,P,COSO,GBASSÈ,LOUGOU,SEGBANA,ALIBORI,42000000
14945,Réalisation des forages,1.1,Forage simple,Accès à l'eau,p,N,,SONWORÉ,NIKKI,NIKKI,BORGOU,12000000
3710,"Amélioration d'accès à l'eau potable pour usage multiple (homme et bétail) par la réalisation d'un Poste d'eau Autonome (PEA) équipé de dispositif photovoltaïque, de chateaux, de bornes fontaines et d'abreuvoirs au profit de la communauté de Adjèdè",1.1,Forage + abreuvoir,Accès à l'eau,s,C,COSO,ADJÊDÈ,KOMDE,OUAKE,DONGA,44000000
15671,Réalisation d’un forage multifonctionnel à usage agro-pastoral,1.1,Forage + abreuvoir,Accès à l'eau,p,FNS,COSO,KANTORO,GUENE,MALANVILLE,ALIBORI,20000000
3932,"Amélioration de l’accès à l’eau potable par les agriculteurs et éleveurs de kpéli-Fada à travers l’Amélioration d’une retenue d’eau, la délimitation d’un couloir de passage des bœufs et d’une aire de pâturage pour les bœufs",1.1,Forage simple,Accès à l'eau,p,N,,KPÉLI-FADA,SEMERE 2,OUAKE,DONGA,12000000
4840,Construction d'un forage au centre du village,1.1,Forage simple,Accès à l'eau,p,N,,DOGUÈ,BASSILA,BASSILA,DONGA,12000000
3750,Réalisation d'un point d’eau multifonctionnel à usage agropastoral avec ouvrages de prise et système solaire d'exploitation au profit de la communauté de Awanla,1.1,Forage simple,Accès à l'eau,s,C,COSO,AWANLA,OUAKE,OUAKE,DONGA,35000000
2906,Amélioration de l’accès à l’eau potable (Forage équipé de dispositif solaire plus château d'eau et bornes fontaines),1.1,Forage + abreuvoir,Accès à l'eau,p,N,,KOUKOULBENDI,ANANDANA,COPARGO,DONGA,28000000
9391,"Réalisation des ouvrages d'eau à usage multiple pour abreuvement, maraîchage et usage domestique dans la localité de Banitè-Koubéri (Toulouwa, Tonkotè, koyan, Soumbégoro)",1.1,Forage simple,Accès à l'eau,s,C,COSO,BANITÈ-KOUBÉRI,GUENE,MALANVILLE,ALIBORI,40000000
7051,"Amélioration des revenus du groupement des femmes à travers l'aménagement d'un (01) hectare périmètre  maraîcher (clôture,  équipement de forages munis de châteaux avec panneau Solaire+ Equipement et/ou acquisitions diverses  etc) au profit des groupements de Bessassi",1.2b,Forage simple,Accès à l'eau,s,C,COSO,BESSASSI,KALALE,KALALE,BORGOU,2200000
11800,Amélioration de l’accès à l’eau potable (Forage équipé de dispositif solaire plus château d'eau et bornes fontaines),1.1,Forage simple,Accès à l'eau,s,C,COSO,AGBONTÊ,KORONTIERE,BOUKOMBE,ATACORA,44000000
2913,4) Doter le marché d'Anandana d'un forage d'eau potable,1.2a,Forage simple,Accès à l'eau,p,N,,KOUKOULBENDI,ANANDANA,COPARGO,DONGA,12000000
9271,2) Amélioration de l'accès à l'eau potable à travers la réalisation d’un (01) forage équipé de dispositif solaire plus château avec borne fontaine et système d'abreuvement à Soumè-Tounga au profit du village de Dangazori,1.1,Forage + abreuvoir,Accès à l'eau,p,N,,DANGAZORI,KOMPA,KARIMAMA,ALIBORI,28000000
15682,Aménagement d’un surcreusement,1.1,Forage + abreuvoir,Accès à l'eau,p,FNS,COSO,MAHONTIKA,NODI,MATERI,ATACORA,42500000
15683,Aménagement d’un surcreusement,1.1,Forage + abreuvoir,Accès à l'eau,p,FNS,COSO,N’ TCHIÉGA,NODI,MATERI,ATACORA,42500000
15684,Aménagement d’un surcreusement,1.1,Forage + abreuvoir,Accès à l'eau,p,FNS,COSO,NODI,NODI,MATERI,ATACORA,42500000
15685,Aménagement d’un surcreusement de mare multifonctionnelle avec forage agro-pastoral,1.1,Forage + abreuvoir,Accès à l'eau,p,FNS,COSO,TIGNINTI,KOUANDATA,NATITINGOU,ATACORA,67050000
15686,Aménagement d’un surcreusement,1.1,Forage + abreuvoir,Accès à l'eau,p,FNS,COSO,KOUANDATA,KOUANDATA,NATITINGOU,ATACORA,67050000
15691,Réalisation d’un forage multifonctionnel à usage agro-pastoral,1.1,Forage + abreuvoir,Accès à l'eau,p,FNS,COSO,BOUNIN,OUENOU,N’DALI,BORGOU,65000000
15687,Aménagement d’un surcreusement,1.1,Forage + abreuvoir,Accès à l'eau,p,FNS,COSO,KOUNADORGOU,KOUANDATA,NATITINGOU,ATACORA,67050000
11973,Réalisation d'un point d’eau multifonctionnel à usage agropastoral avec ouvrages de prise et système solaire d'exploitation,1.1,Forage simple,Accès à l'eau,s,C,COSO,KOUKOUATCHIENGOU,BOUKOUMBE,BOUKOMBE,ATACORA,25000000
15688,Réalisation d’un forage multifonctionnel à usage agro-pastoral,1.1,Forage + abreuvoir,Accès à l'eau,p,FNS,COSO,TAKONTA,TCHOUMI-TCHOUMI,NATITINGOU,ATACORA,58500000
15689,Aménagement de couloirs pastoraux et d’aires de pâturage,1.1,Forage + abreuvoir,Accès à l'eau,p,FNS,COSO,OUÉNOU-PEULH,OUENOU,N’DALI,BORGOU,75000000
15690,Réalisation d’un forage multifonctionnel à usage agro-pastoral,1.1,Forage + abreuvoir,Accès à l'eau,p,FNS,COSO,BANHOUN-KPO,OUENOU,N’DALI,BORGOU,65000000
3218,Réalisation d’un forage multifonctionnel à usage agro-pastoral,1.1,Forage simple,Accès à l'eau,s,FNS,COSO,TALINTA,BADJOUDE,OUAKE,DONGA,35500000
5553,Réalisation de forage photovoltaïque,1.1,Forage simple,Accès à l'eau,p,N,,NÉGANZI,BASSO,KALALE,BORGOU,12000000
15699,Réalisation d’un forage multifonctionnel à usage agro-pastoral,1.1,Forage + abreuvoir,Accès à l'eau,p,FNS,COSO,ANGANKIROU,NIKKI,NIKKI,BORGOU,40000000
15702,Réalisation d’un forage multifonctionnel à usage agro-pastoral,1.1,Forage + abreuvoir,Accès à l'eau,p,FNS,COSO,FO- DAROU,TASSO,NIKKI,BORGOU,40000000
2934,5) réalisation de Forage d'eau dans le marché de Anandana,1.2a,Forage simple,Accès à l'eau,p,N,,N’DAM,ANANDANA,COPARGO,DONGA,12000000
10332,Accès à l'eau potable au niveau du marché,1.2a,Forage simple,Accès à l'eau,p,N,,TASSI-TÉDJI-BOULANGA,MALANVILLE,MALANVILLE,ALIBORI,12000000
13143,Réalisation d’un forage multifonctionnel à usage agro-pastoral,1.1,Forage simple,Accès à l'eau,s,P,COSO,BOROUKOU-PEULH,OROUKAYO,KOUANDE,ATACORA,35500000
15708,Réalisation d’un forage multifonctionnel à usage agro-pastoral,1.1,Forage + abreuvoir,Accès à l'eau,p,FNS,COSO,GNELTOKO,GNONKOUROKALI,NIKKI,BORGOU,42000000
15709,Réalisation d’un forage multifonctionnel à usage agro-pastoral,1.1,Forage + abreuvoir,Accès à l'eau,p,FNS,COSO,GORÉ,TASSO,NIKKI,BORGOU,40000000
15711,Réalisation d’un forage multifonctionnel à usage agro-pastoral,1.1,Forage + abreuvoir,Accès à l'eau,p,FNS,COSO,GOURE BABA,OUENOU,N’DALI,BORGOU,48000000
9422,"Acquisition de matériels de maraîchage aux profits du groupement  des maraîchers de Kantoro (grillage de clôture, arrosoirs, moto pompe, râteaux, houes, kit de micro irrigation de pote rampe avec gouteuse intégré etc…)",1.2b,Forage simple,Accès à l'eau,p,N,,KANTORO,GUENE,MALANVILLE,ALIBORI,12000000
15715,Réalisation d’un forage multifonctionnel à usage agro-pastoral,1.1,Forage + abreuvoir,Accès à l'eau,p,FNS,COSO,GUINROU,GNONKOUROKALI,NIKKI,BORGOU,42000000
8803,"Acquisition de matériels (forage, trycicle, arrosoirs, bottes, gants, moto pompes, et tuyaux d'irrigation et de canalisation et renforcement de capacités au profit du groupement des femmes maraichers",1.2b,Forage simple,Accès à l'eau,p,N,,TÉKPAROU,TCHATCHOU,TCHAOUROU,BORGOU,12000000
15719,Réalisation d’un forage multifonctionnel à usage agro-pastoral,1.1,Forage + abreuvoir,Accès à l'eau,p,FNS,COSO,KPÉBOURABOU,TASSO,NIKKI,BORGOU,40000000
3617,Construction d'un forage,1.1,Forage simple,Accès à l'eau,p,N,,ALAYOMDÈ,OUAKE,OUAKE,DONGA,12000000
15720,Réalisation d’un forage multifonctionnel à usage agro-pastoral,1.1,Forage + abreuvoir,Accès à l'eau,p,FNS,COSO,MONNON DE NIKKI,NIKKI,NIKKI,BORGOU,40000000
15723,Réalisation d’un forage multifonctionnel à usage agro-pastoral,1.1,Forage + abreuvoir,Accès à l'eau,p,FNS,COSO,OUROUMONSI- PEULH,OUENOU,N’DALI,BORGOU,50000000
3651,"Amélioration d'accès à l'eau potable pour usage multiple (homme et bétail) par la réalisation d'un Poste d'eau Autonome (PEA) équipé de dispositif photovoltaïque, de chateaux, de bornes fontaines et d'abreuvoirs au profit de la communauté de Akoussitè",1.1,Forage + abreuvoir,Accès à l'eau,s,C,COSO,AKOUSSITÈ,KOMDE,OUAKE,DONGA,44000000
10245,"Amélioration de l'accès à l'eau potable à travers la réalisation de forage, château avec support métallique, bornes fontaines, dispositifs photovoltaïques de pompage",1.1,Forage simple,Accès à l'eau,s,C,COSO,GOROU-DJINDÉ,TOUMBOUTOU,MALANVILLE,ALIBORI,50000000
15725,Réalisation d’un forage multifonctionnel à usage agro-pastoral,1.1,Forage + abreuvoir,Accès à l'eau,p,FNS,COSO,SOUBO-BARAWOROU,GNONKOUROKALI,NIKKI,BORGOU,42000000
15726,Réalisation d’un forage multifonctionnel à usage agro-pastoral,1.1,Forage + abreuvoir,Accès à l'eau,p,FNS,COSO,SOUBO-GANDÉROU,GNONKOUROKALI,NIKKI,BORGOU,42000000
15728,Réalisation d’un forage multifonctionnel à usage agro-pastoral,1.1,Forage + abreuvoir,Accès à l'eau,p,FNS,COSO,TANAKPÉ,TASSO,NIKKI,BORGOU,40000000
13498,Réalisation d'un point d’eau multifonctionnel à usage agropastoral avec ouvrages de prise et système solaire d'exploitation,1.1,Forage + abreuvoir,Accès à l'eau,s,C,COSO,HOLLI DE NODI,NODI,MATERI,ATACORA,42500000
3869,Réalisation des forages hydrauliques,1.1,Forage simple,Accès à l'eau,p,N,,MANKPASSI,KOMDE,OUAKE,DONGA,12000000
10913,"Acquisition des équipements au profit du groupement des femmes pour la production maraîchère(grillage, motopompe, arroseoire)",1.2b,Forage simple,Accès à l'eau,p,N,,PIAMI,SEGBANA,SEGBANA,ALIBORI,12000000
15734,Aménagement d’un surcreusement de mare multifonctionnelle avec forage agro-pastoral,1.1,Forage + abreuvoir,Accès à l'eau,p,FNS,COSO,KAWADO,TCHALINGA,OUAKE,DONGA,81888036
10117,"Acquisition des matériels et équipements de la production du maraîchage ( motopompe, houes,  ....) au groupement des femmes et formation",1.2b,Forage simple,Accès à l'eau,p,N,,WOLLO-CHÂTEAU,MALANVILLE,MALANVILLE,ALIBORI,12000000
9504,"Amélioration des conditions de travail au profit du groupement des femmes maraîchères par la dotation de kit de matériels de maraichage (02 motopompe + accessoires, 03 brouettes, 15 arrosoirs en pastiques, 10 paires de  bottes, 15 houes, 15 pioches, 15 râteaux, 15 manchettes, 02 cordeaux 50 mm, 10 transplantoirs, 15 binettes, 15 paniers, 15 pelles, 10 paires de gants etc…)",1.2b,Forage simple,Accès à l'eau,s,C,COSO,IGRIGOU,FOUNOUGO,BANIKOARA,ALIBORI,2000000
4137,Construction de forage,1.2a,Forage + abreuvoir,Accès à l'eau,p,N,,OURAMARÉ,SEMERE 1,OUAKE,DONGA,28000000
9183,Acquisition des motopompes et intrants agricoles au profit des maraichers  d,1.2b,Forage simple,Accès à l'eau,p,N,,LOUMBOU-LOUMBOU,MONSEY,KARIMAMA,ALIBORI,12000000
4337,Construction des forages,1.2a,Forage + abreuvoir,Accès à l'eau,p,N,,GNALO,SEMERE 1,OUAKE,DONGA,28000000
5667,Amélioration à l'accès à l'eau potable dans le village de Gouré Baba à travers la réalisation de quatre postes d'Eau autonome à Guiribé et Gouré Baba,1.1,Forage simple,Accès à l'eau,p,N,,GOURE BABA,OUENOU,N’DALI,BORGOU,12000000
4955,Amélioration de l’accès à l’eau potable au profit de la communauté,1.1,Forage simple,Accès à l'eau,p,N,,KPARSI,DJOUGOU II,DJOUGOU,DONGA,12000000
8894,Amélioration de l'accès à l'eau à travers la réalisation des ouvrages d’eau à usage multiple  pour abreuvement; maraichage; et usage domestique dans la localité de Banikani (Tondoga ),1.1,Forage simple,Accès à l'eau,s,C,COSO,BANIKANI,BOGO-BOGO,KARIMAMA,ALIBORI,44000000
15747,Réalisation d’un forage multifonctionnel à usage agro-pastoral,1.1,Forage + abreuvoir,Accès à l'eau,p,FNS,COSO,ITCHÈLLI,SEMERE 2,OUAKE,DONGA,45550000
15748,Réalisation d’un forage multifonctionnel à usage agro-pastoral,1.1,Forage + abreuvoir,Accès à l'eau,p,FNS,COSO,KAKPÉSSIA,SEMERE 2,OUAKE,DONGA,45550000
8074,Amélioration de l'hygiène et assainissement à travers la construction d'un forage à panneaux solaires dans le marché de Madina,1.2a,Forage simple,Accès à l'eau,p,N,,MADINA DE PRKOU1,1ER  ARRONDISSEMENT,PARAKOU,BORGOU,12000000
15750,Réalisation d’un forage multifonctionnel à usage agro-pastoral,1.1,Forage + abreuvoir,Accès à l'eau,p,FNS,COSO,KPAKPALARÉ,SEMERE 2,OUAKE,DONGA,31700000
15751,Réalisation d’un forage multifonctionnel à usage agro-pastoral,1.1,Forage + abreuvoir,Accès à l'eau,p,FNS,COSO,KPÉLI-FADA,SEMERE 2,OUAKE,DONGA,31506973
15752,Aménagement d’un surcreusement,1.1,Forage + abreuvoir,Accès à l'eau,p,FNS,COSO,LANDA,TCHALINGA,OUAKE,DONGA,81888036
15753,Aménagement d’un surcreusement,1.1,Forage + abreuvoir,Accès à l'eau,p,FNS,COSO,MADJATOM,TCHALINGA,OUAKE,DONGA,81888036
15754,Réalisation d’un forage multifonctionnel à usage agro-pastoral,1.1,Forage + abreuvoir,Accès à l'eau,p,FNS,COSO,MANKPASSI,KOMDE,OUAKE,DONGA,44000000
15755,Réalisation d’un forage multifonctionnel à usage agro-pastoral,1.1,Forage + abreuvoir,Accès à l'eau,p,FNS,COSO,N’DJAKADA,SEMERE 2,OUAKE,DONGA,31500000
15758,Réalisation d’un forage multifonctionnel à usage agro-pastoral,1.1,Forage + abreuvoir,Accès à l'eau,p,FNS,COSO,SONAHOLOU,OUAKE,OUAKE,DONGA,35000000
15759,Aménagement d’un surcreusement,1.1,Forage + abreuvoir,Accès à l'eau,p,FNS,COSO,TCHALINGA,TCHALINGA,OUAKE,DONGA,81888036
15761,Réalisation d’un forage multifonctionnel à usage agro-pastoral,1.1,Forage + abreuvoir,Accès à l'eau,p,FNS,COSO,TROUCARÉ-BAS,SEMERE 2,OUAKE,DONGA,31500000
12231,Réalisation d’un forage multifonctionnel à usage agro-pastoral,1.1,Forage simple,Accès à l'eau,s,FNS,COSO,KOUPORGOU,NATA,BOUKOMBE,ATACORA,35500000
4993,Amélioration de l’accès à l’eau potable au profit de la communauté,1.1,Forage simple,Accès à l'eau,p,N,,LÉMAN-BOGOU,DJOUGOU II,DJOUGOU,DONGA,12000000
12760,Amélioration de l’accès à l’eau potable,1.1,Forage simple,Accès à l'eau,p,N,,PÉTONI-POHO- PARTAGO,DJOUGOU I,DJOUGOU,DONGA,12000000
12249,Amélioration de l’accès à l’eau potable,1.1,Forage simple,Accès à l'eau,p,N,,KOUTANGOU,NATA,BOUKOMBE,ATACORA,12000000
4197,Amélioration de l'accès à l'eau potable à l'aide d'un forage photovoltaïque,1.2a,Forage simple,Accès à l'eau,p,N,,AWOTOBI,SEMERE 2,OUAKE,DONGA,12000000
4934,Amélioration de l’accès à l’eau potable au profit de la communauté,1.1,Forage simple,Accès à l'eau,p,N,,DJAKPINGOU,DJOUGOU II,DJOUGOU,DONGA,12000000
12202,"Amélioration de l'accès à l'eau potable dans les hameaux de Dipokor-Fontri, Koubiéta, Dipéri",1.1,Forage simple,Accès à l'eau,s,C,COSO,DIPOKORFONTRI,NATA,BOUKOMBE,ATACORA,35500000
5050,Amélioration de l’accès à l’eau potable au profit de la communauté,1.1,Forage simple,Accès à l'eau,p,N,,BATOULOU MOUNLA,DJOUGOU III,DJOUGOU,DONGA,12000000
5109,Amélioration de l’accès à l’eau potable au profit de la communauté de Servessi,1.1,Forage simple,Accès à l'eau,p,N,,SEHVESSI,DJOUGOU III,DJOUGOU,DONGA,12000000
3300,Amélioration de l’accès à l’eau potable aussi commerçants du marché de l’arrondissement à l’aide d’un forage photovoltaique nécessaire pour réduire leurs peines en matière d’approvisionnement en eau potable,1.2a,Forage simple,Accès à l'eau,p,N,,MADJATOM,TCHALINGA,OUAKE,DONGA,12000000
4277,Amélioration de l'accès à l'eau potable aux commerçantes à l'aide d'un forage photovoltaïque nécessaire pour réduire leurs peines en matière d'approvisionnement en eau potable,1.2a,Forage simple,Accès à l'eau,p,N,,KPAKPALARÉ,SEMERE 2,OUAKE,DONGA,12000000
4017,Amélioration de l’accès à l’eau potable aux commerçantes du marché de l’arrondissement à l’aide de forage photovoltaïque nécessaire pour réduire leurs peines en matière d’approvisionnement en l’eau potable,1.2a,Forage simple,Accès à l'eau,p,N,,N’DJAKADA,SEMERE 2,OUAKE,DONGA,12000000
3997,Amélioration de l’accès à l’eau potable aux commerçantes du marché de l’arrondissement à l’aide de forage photovoltaïque nécessaire pour réduire leurs peines en matière d’approvisionnement en l’eau potable,1.2a,Forage simple,Accès à l'eau,p,N,,GNANGBA KABIA,SEMERE 2,OUAKE,DONGA,12000000
3990,Réalisation d’un forage multifonctionnel à usage agro-pastoral,1.1,Forage simple,Accès à l'eau,s,FNS,COSO,GNANGBA KABIA,SEMERE 2,OUAKE,DONGA,45000000
4057,Amélioration de l’accès à l’eau potable aux commerçantes du marché de l’arrondissement à l’aide d’un forage photovoltaïque nécessaire pour réduire leurs peines en matière d’approvisionnement en l’eau potable,1.2a,Forage simple,Accès à l'eau,p,N,,ITCHÈLLI,SEMERE 2,OUAKE,DONGA,12000000
3957,Amélioration de l’accès à l’eau potable aux commerçantes du marché de l’arrondissement à l’aide d’un forage photovoltaïque nécessaire pour réduire leurs peines en matière d’approvisionnement en l’eau potable,1.2a,Forage simple,Accès à l'eau,p,N,,TROUCARÉ-BAS,SEMERE 2,OUAKE,DONGA,12000000
3937,Amélioration de l’accès à l’eau potable aux commerçantes du marché de l’arrondissement à l’aide forage photovoltaïque nécessaire pour réduire leurs peines en matière d’approvisionnement en l’eau potable,1.2a,Forage simple,Accès à l'eau,p,N,,KPÉLI-FADA,SEMERE 2,OUAKE,DONGA,12000000
4237,Amélioration de l'accès à l'eau potable aux commerçants à l'aide d'un forage photovoltaïque,1.2a,Forage simple,Accès à l'eau,p,N,,KAGNIFÊLÊ,SEMERE 2,OUAKE,DONGA,12000000
4177,Amélioration de l'accès à l'eau potable aux commerçants du marché à l'aide d'un forage photovoltaïque,1.2a,Forage simple,Accès à l'eau,p,N,,AGUÉOU-GARBA,SEMERE 2,OUAKE,DONGA,12000000
3281,Amélioration de l’accès à l’eau potable aux commerçants du marché de l’arrondissement à l’aide d’un forage photovoltaique nécessaire pour réduire leurs peines en matière d’approvisionnement en eau potable,1.2a,Forage simple,Accès à l'eau,p,N,,KAWADO,TCHALINGA,OUAKE,DONGA,12000000
3242,Amélioration de l’accès à l’eau potable aux commerçants du marde l’arrondissement à l’aide d’un forage photovoltaique nécessaire pour réduire leurs peines en matière d’approuvent en eau potable,1.2a,Forage simple,Accès à l'eau,p,N,,LANDA,TCHALINGA,OUAKE,DONGA,12000000
4249,Amélioration de l'accès à l'eau potable aux ménages à travers la réalisation d'un forage pour réduire les peines des femmes dues à l'approvisionnement en eau,1.1,Forage simple,Accès à l'eau,p,N,,KAKPÉSSIA,SEMERE 2,OUAKE,DONGA,12000000
3970,Amélioration de l’accès à l’eau potable aux ménages de Gbaou à travers la réalisation d’un forage pour réduire les peines des femmes dues à l’approvisionnement en eau impropre à la consommation et aux intrigues dues aux maladies hydrique résultant de l’usages des eaux souillées,1.1,Forage simple,Accès à l'eau,p,N,,GBAOU,SEMERE 2,OUAKE,DONGA,12000000
3929,Amélioration de l’accès à l’eau potable aux ménages de kpéli-Fada à travers la réalisation d’un forage pour réduire les peines des femmes dues à l’approvisionnement en eau impropre à la consommation et aux intrigues dues aux maladies hydriaues résultant de l’usage des eaux souillées,1.1,Forage simple,Accès à l'eau,p,N,,KPÉLI-FADA,SEMERE 2,OUAKE,DONGA,12000000
4010,Amélioration de l’accès à l’eau potable aux ménages de N’djakada à travers la réalisation d’un forage pour réduire les peines des femmes dues à l’approvisionnement en eau impropre à la consommation et aux intrigues dues aux maladies hydrique résultant de l’usages des eaux souillées,1.1,Forage simple,Accès à l'eau,p,N,,N’DJAKADA,SEMERE 2,OUAKE,DONGA,12000000
9298,Amélioration de l'accès à l'eau potable dans la communauté  à travers la réalisation de  forages  équipé de dispositif s,1.1,Forage simple,Accès à l'eau,s,FNS,COSO,BONGNAMI,MONSEY,KARIMAMA,ALIBORI,50000000
9142,Amelioration de production maraichere à travers l'emménagement d'un bas-fond et la mise en place d'un système de maitrise d'eau accompagné de 10 motopompes et tuyau d'arrosage,1.2b,Forage simple,Accès à l'eau,p,N,,GARBEY-KOARA,KOMPA,KARIMAMA,ALIBORI,12000000
4898,Réalisation d’un forage multifonctionnel à usage agro-pastoral,1.1,Forage + abreuvoir,Accès à l'eau,s,FNS,COSO,DIÉPANI-BALIMBOLI,BASSILA,BASSILA,DONGA,35500000
11688,Amélioration de l'accès à l'eau potable dans le marché de Dikoumini,1.2a,Forage simple,Accès à l'eau,p,N,,MANTCHARI,DIPOLI,BOUKOMBE,ATACORA,12000000
13198,Réalisation d'un point d’eau multifonctionnel à usage agropastoral avec ouvrages de prise et système solaire d'exploitation,1.1,Forage simple,Accès à l'eau,s,C,COSO,KOTARI,NODI,MATERI,ATACORA,42500000
9294,Amélioration de l'accès à l'eau potable dans la communauté de  Fandou à travers la réalisation de  forage équipé de disp,1.1,Forage simple,Accès à l'eau,s,FNS,COSO,FANDOU,MONSEY,KARIMAMA,ALIBORI,50000000
5396,Réalisation de forage,1.1,Forage simple,Accès à l'eau,p,N,,DONWARI DE PARTAGO,PARTAGO,DJOUGOU,DONGA,12000000
5695,Réalisation de six forages photovoltaïques+ équipements et/ou acquisitions diverses,1.1,Forage + abreuvoir,Accès à l'eau,p,N,,DUNKASSA,DUNKASSA,KALALE,BORGOU,28000000
5718,Réalisation de trois forages photovoltaïques+ équipements et/ou acquisitions diverses,1.1,Forage + abreuvoir,Accès à l'eau,p,N,,GOROBANI DE DOUKASSA,DUNKASSA,KALALE,BORGOU,28000000
5738,Construction d'un forage d'eau,1.1,Forage simple,Accès à l'eau,p,N,,GNONKOURAKALI,GNONKOUROKALI,NIKKI,BORGOU,12000000
5713,Amélioration à l’accès à l’eau potable dans le village de Gbessakpérou à travers la réalisation de trois (3) Postes d'Ea,1.1,Forage + abreuvoir,Accès à l'eau,s,FNS,COSO,GBÉSSAKPÉROU,DUNKASSA,KALALE,BORGOU,50000000
5838,réalisation de trois forages photovoltaïque et acquisitions diverses et réfection d'une pompe en panne,1.1,Forage + abreuvoir,Accès à l'eau,p,N,,DANGOROU,DUNKASSA,KALALE,BORGOU,28000000
5858,Réalisation des trois forages photovoltaïque et acquisitions diverses et réfection de deux pompes,1.1,Forage simple,Accès à l'eau,p,N,,DJILIDJALARÉ,DUNKASSA,KALALE,BORGOU,12000000
15795,Réalisation d’un forage multifonctionnel à usage agro-pastoral,1.1,Forage + abreuvoir,Accès à l'eau,p,FNS,COSO,DÔH,GNEMASSON,PEHUNCO,ATACORA,58000000
15796,Réalisation d’un forage multifonctionnel à usage agro-pastoral,1.1,Forage + abreuvoir,Accès à l'eau,p,FNS,COSO,GNÉMASSON,GNEMASSON,PEHUNCO,ATACORA,58000000
6387,Réalisation de quatre forages dans la localité de Wondou,1.1,Forage + abreuvoir,Accès à l'eau,p,N,,WONDOU,GUINAGOUROU,PERERE,BORGOU,28000000
5878,Amélioration des activités agropastorales à travers la réhabilitation d'une retenue d’eau à Kricoubé,1.1,Forage + abreuvoir,Accès à l'eau,s,FNS,COSO,KIRICOUBÈ,DUNKASSA,KALALE,BORGOU,30000000
15798,Réalisation d’un forage multifonctionnel à usage agro-pastoral,1.1,Forage + abreuvoir,Accès à l'eau,p,FNS,COSO,GOUNTIA,TOBRE,PEHUNCO,ATACORA,35000000
9161,Amelioration des conditions de travail des producteurs de riz de kéné -tounga à travers l'acquisition de motopompe,1.2b,Forage simple,Accès à l'eau,p,N,,KÉNÉ-TOUNGA,KOMPA,KARIMAMA,ALIBORI,12000000
15805,Réalisation d’un forage multifonctionnel à usage agro-pastoral,1.1,Forage + abreuvoir,Accès à l'eau,p,FNS,COSO,SOMPARÉROU-GAH,PEHUNCO,PEHUNCO,ATACORA,65000000
7605,"Amélioration des conditions de travail du groupement des femmes appelé soua yinkou à travers l'acquisition d'un forage, d'une motopompe des tuyaux de raccordement et des arrosoirs",1.2b,Forage simple,Accès à l'eau,p,N,,TCHATCHOU,TCHATCHOU,TCHAOUROU,BORGOU,12000000
15813,Réalisation d’un forage multifonctionnel à usage agro-pastoral,1.1,Forage + abreuvoir,Accès à l'eau,p,FNS,COSO,SANRÉKOU,GNINSY,PERERE,BORGOU,37000000
6128,Construction de forage d'eau potable,1.1,Forage + abreuvoir,Accès à l'eau,p,N,,BAOURA,GOMIA,BEMBEREKE,BORGOU,28000000
6151,Forage d'eau potable,1.1,Forage + abreuvoir,Accès à l'eau,p,N,,BOURI,GOMIA,BEMBEREKE,BORGOU,28000000
6188,Forage d'eau potable,1.1,Forage + abreuvoir,Accès à l'eau,p,N,,GUESSOU-NORD,GOMIA,BEMBEREKE,BORGOU,28000000
4190,Réalisation d'un point d’eau multifonctionnel à usage agropastoral avec ouvrages de prise et système solaire d'exploitation au profit de la communauté de Awotobi,1.1,Forage simple,Accès à l'eau,s,C,COSO,AWOTOBI,SEMERE 2,OUAKE,DONGA,35000000
6269,Réalisation d'un point d'eau multifonctionnels dans les loclalités de Fanidani et de Troubé  avec plusieurs abreuvoir,1.1,Forage + abreuvoir,Accès à l'eau,p,N,,GNINSY-PEULH,GNINSY,PERERE,BORGOU,28000000
6248,Réalisation d’un forage multifonctionnel à usage agro-pastoral,1.1,Forage + abreuvoir,Accès à l'eau,s,FNS,COSO,GOROBANI DE GNINSY,GNINSY,PERERE,BORGOU,37000000
15817,Réalisation d’un forage multifonctionnel à usage agro-pastoral,1.1,Forage + abreuvoir,Accès à l'eau,p,FNS,COSO,GBÈKAKAROU,LOUGOU,SEGBANA,ALIBORI,42000000
15819,Réalisation d’un forage multifonctionnel à usage agro-pastoral,1.1,Forage + abreuvoir,Accès à l'eau,p,FNS,COSO,GUÉNÉLAGA,LOUGOU,SEGBANA,ALIBORI,42000000
15820,Réalisation d’un forage multifonctionnel à usage agro-pastoral,1.1,Forage + abreuvoir,Accès à l'eau,p,FNS,COSO,KAMANAN,LOUGOU,SEGBANA,ALIBORI,42000000
15821,Réalisation d’un forage multifonctionnel à usage agro-pastoral,1.1,Forage + abreuvoir,Accès à l'eau,p,FNS,COSO,KPASSANA,SEGBANA,SEGBANA,ALIBORI,45000000
15823,Réalisation d’un forage multifonctionnel à usage agro-pastoral,1.1,Forage + abreuvoir,Accès à l'eau,p,FNS,COSO,SAMTIMBARA,SEGBANA,SEGBANA,ALIBORI,45000000
5643,Amélioration des revenus des femmes à travers l'aménagement d'un périmètre maraîchage avec un forage photovoltaïque et acquisitions des équipements divers,1.2b,Forage simple,Accès à l'eau,p,N,,GNELKIRADJÉ,OUENOU,N’DALI,BORGOU,12000000
15826,Réhabilitation d’une retenue d’eau à usage agro-pastoral,1.1,Forage + abreuvoir,Accès à l'eau,p,FNS,COSO,YARRA-BARIBA,SEKERE,SINENDE,BORGOU,60000000
12302,Amélioreration de l'accès à l'eau potable à Koussagou,1.1,Forage simple,Accès à l'eau,p,N,,KOUSSAKOU,NATA,BOUKOMBE,ATACORA,12000000
15831,Réalisation d’un forage multifonctionnel à usage agro-pastoral,1.1,Forage + abreuvoir,Accès à l'eau,p,FNS,COSO,TCHAÉTA,N’DAHONTA,TANGUIETA,ATACORA,42500000
11276,Réalisation d’un forage multifonctionnel à usage agro-pastoral,1.1,Forage simple,Accès à l'eau,s,FNS,COSO,SAYAKROU,GNEMASSON,PEHUNCO,ATACORA,58000000
15835,Réalisation d’un forage multifonctionnel à usage agro-pastoral,1.1,Forage + abreuvoir,Accès à l'eau,p,FNS,COSO,GOKANNA,TCHATCHOU,TCHAOUROU,BORGOU,41000000
15836,Réalisation d’un forage multifonctionnel à usage agro-pastoral,1.1,Forage + abreuvoir,Accès à l'eau,p,FNS,COSO,TOUKOSSARI,TCHATCHOU,TCHAOUROU,BORGOU,41000000
6971,Aménagement de deux hectares de périmètre maraîchers plus forage photovoltaïques munis de clôture grillagée à BOA,1.2b,Forage simple,Accès à l'eau,p,N,,BOA,PEONGA,KALALE,BORGOU,12000000
7031,"Protection par une clôture grillagée d’un demi hectare de périmètre maraicher+ forage dans le bas-fond de ""Gnel-Horo""",1.2b,Forage simple,Accès à l'eau,s,C,COSO,KORODJI,PEONGA,KALALE,BORGOU,2900000
12452,Aménagement de l'accès à l'eau potable,1.1,Forage simple,Accès à l'eau,p,N,,KOUKPINTIEGOU,NATA,BOUKOMBE,ATACORA,12000000
7001,Réalisation de cinq (05) points d’eau agropastorale à usage multiples,1.1,Forage + abreuvoir,Accès à l'eau,p,N,,GNEL-DJOBO,PEONGA,KALALE,BORGOU,28000000
7021,Réalisation de cinq points d’eau agropastorale à usage multiples,1.1,Forage + abreuvoir,Accès à l'eau,p,N,,KORODJI,PEONGA,KALALE,BORGOU,28000000
7081,Réalisation de sept forages photovoltaïques+ équipements et /où acquisition diverses,1.1,Forage + abreuvoir,Accès à l'eau,p,N,,BESSASSI-GANDO,KALALE,KALALE,BORGOU,28000000
7121,Amélioration des activités agropastorales à travers la construction d’une retenue d’eau sur le fleuve de Souakina à zamb,1.1,Forage + abreuvoir,Accès à l'eau,s,FNS,COSO,ZAMBARA,KALALE,KALALE,BORGOU,30000000
7326,Réalisation de deux (02) forages photovoltaïques +équipements et/ou acquisitions diverses : (Donjon 1 et Gnel Kiyago 1,1.1,Forage + abreuvoir,Accès à l'eau,p,N,,LOU,KALALE,KALALE,BORGOU,28000000
7421,Réalisation de deux forages munis de château photovoltaïques plus équiment,1.1,Forage + abreuvoir,Accès à l'eau,p,N,,DJEGA-KALALÉ,KALALE,KALALE,BORGOU,28000000
5596,Aménagement d'un hectare du périmètre maraîcher et équipé de forage muni de château avec panneau solaire+ équipements et où acquisition divers,1.2b,Forage simple,Accès à l'eau,p,N,,KAKATINNIN,DERASSI,KALALE,BORGOU,12000000
7469,Aménagement d'un périmètre maraicher équipé de forage,1.2b,Forage simple,Accès à l'eau,p,N,,KALALÉ-PEULH,KALALE,KALALE,BORGOU,12000000
7449,Aménagement d'un périmètre maraicher équipé de forage munis d'un château photovoltaïques plus équiment,1.2b,Forage simple,Accès à l'eau,p,N,,GOUDÉMA,KALALE,KALALE,BORGOU,12000000
7371,Aménagement d'un périmètre maraîchers équipe de forages multi fonctionnelle avec panneaux solaires photovoltaïques,1.2b,Forage simple,Accès à l'eau,p,N,,BAGARIA,PEONGA,KALALE,BORGOU,12000000
7011,Protection par une côture griallagée d'un demi hectare de périmètre maraicher+ forage photovoltaïque munis de clôture gr,1.2b,Forage simple,Accès à l'eau,s,FNS,COSO,GNEL-DJOBO,PEONGA,KALALE,BORGOU,2750000
15875,Sécurisation des espaces pastoraux à travers la matérialisation des couloirs de mobilité de bétail sur 71 km,1.1,Forage + abreuvoir,Accès à l'eau,p,FNS,COSO,GBÉNIKI DE SOROKO,SOROKO,BANIKOARA,ALIBORI,50000000
15876,Sécurisation des espaces pastoraux sur 21 Km de couloirs de mobilité de bétail et 16 ha des aires de pâturages (Kpakosor,1.1,Forage + abreuvoir,Accès à l'eau,p,FNS,COSO,KPAKO-GBABI,FOUNOUGO,BANIKOARA,ALIBORI,31800000
15877,"Sécurisation des espaces pastoraux sur 10 Km de couloirs de mobilité de bétail (KagorouGarou-Donworou, Yarboussou-Gbanni",1.1,Forage + abreuvoir,Accès à l'eau,p,FNS,COSO,IGRIGOU,FOUNOUGO,BANIKOARA,ALIBORI,31800000
7338,Amélioration des revenus à travers l'aménagement d’un hectare de périmètre maraicher + forages photovoltaïques + Equipements et/ou acquisitions diverses au profit du groupement de femmes de Wobadjè,1.2b,Forage simple,Accès à l'eau,s,C,COSO,WOBADJÈ,KALALE,KALALE,BORGOU,2200000
15882,Délimitation et matérialisation de couloirs de passage reliant Sakawan-Tédji et Molla et acquisition des kits de product,1.1,Forage + abreuvoir,Accès à l'eau,p,FNS,COSO,WANZAM-KOARA,TOUMBOUTOU,MALANVILLE,ALIBORI,60000000
15884,Construction d’un barrage d’abreuvement des animaux,1.1,Forage + abreuvoir,Accès à l'eau,p,FNS,COSO,GUÉNÉLAGA,LOUGOU,SEGBANA,ALIBORI,42000000
7509,Aménagement du périmètre maraicher équipé de forage munis de château avec panneaux solaires photovoltaïques+ Équipements divers,1.2b,Forage simple,Accès à l'eau,p,N,,KIDAROUKPÉROU,KALALE,KALALE,BORGOU,12000000
7111,Aménagement du périmètre maraîcher plus forage,1.2b,Forage simple,Accès à l'eau,p,N,,SÉBANA,KALALE,KALALE,BORGOU,12000000
7735,Construction d'un forage,1.1,Forage simple,Accès à l'eau,p,N,,OUÉNOU -NIKKI,OUENOU,N’DALI,BORGOU,12000000
7795,"Réalisation des ouvrages d'eau multifonctionnels pour abreuvement, maraîchage et usage domestique dans la localité de Fombawi",1.1,Forage + abreuvoir,Accès à l'eau,s,C,COSO,FOMBAWI,OUENOU,N’DALI,BORGOU,48000000
8008,Réalisation de forage,1.1,Forage simple,Accès à l'eau,p,N,,BELLÈ,NIKKI,NIKKI,BORGOU,12000000
7986,Construction et équipement d’une salle d’hospitalisation plus un forage et de clôture partielle pour le centre de santé,1.1,Forage simple,Accès à l'eau,s,FNS,COSO,SAKABANSI,NIKKI,NIKKI,BORGOU,25000000
15889,Amélioration des conditions d'accès des animaux aux ressources pastorales et réduction de conflits entre agriculteurs et,1.1,Forage + abreuvoir,Accès à l'eau,p,FNS,COSO,BOO,NIKKI,NIKKI,BORGOU,20000000
15891,Libération des couloirs de passage et mise en place une aire de pâturage au profit des communautés de Dèh Peulh et Yassi,1.1,Forage + abreuvoir,Accès à l'eau,p,FNS,COSO,GAH- MARO-PEULH,NIKKI,NIKKI,BORGOU,20000000
10549,Construction d'un forage équipe de dispositifs solaires plus châteaux d'eau plus bonne fontaine destinée à la consommation humaine et l'abrevement pastorale,1.1,Forage + abreuvoir,Accès à l'eau,p,N,,DOUGOU,WARA,GOGOUNOU,ALIBORI,28000000
9864,Aménager une retenue d'eau pour abreuver le bétail,1.1,Forage + abreuvoir,Accès à l'eau,p,N,,SOROKO GAH,SOROKO,BANIKOARA,ALIBORI,28000000
8210,Construction d'un grand forage,1.1,Forage simple,Accès à l'eau,p,N,,GOUROU DE NIKKI,NIKKI,NIKKI,BORGOU,12000000
8228,Réalisation d’un forage multifonctionnel à usage agro-pastoral,1.1,Forage + abreuvoir,Accès à l'eau,s,FNS,COSO,KPARISSÉROU,NIKKI,NIKKI,BORGOU,40000000
15892,Création d'aire de vaccination et de kit de production et d'exploitation fourragère pour 25 ha (Aménagement; acquisition,1.1,Forage + abreuvoir,Accès à l'eau,p,FNS,COSO,GOURÉ-GBATA,NIKKI,NIKKI,BORGOU,25000000
15894,Amélioration des conditions d'accès des animaux aux ressources pastorales et réduction de conflits entre agriculteurs et,1.1,Forage + abreuvoir,Accès à l'eau,p,FNS,COSO,WONKO DE NIKKI,NIKKI,NIKKI,BORGOU,20000000
9485,"Appui au groupement de femmes en matériels et équipements maraîchers ( grillage de clôture, houes, bottes, râteaux, kits de micro irrigation, moto pompe,etc...)",1.2b,Forage simple,Accès à l'eau,p,N,,SISSIANGANROU,FOUNOUGO,BANIKOARA,ALIBORI,12000000
8375,Eau potable,1.1,Forage + abreuvoir,Accès à l'eau,p,N,,WOROU-TOKOROU,1ER  ARRONDISSEMENT,PARAKOU,BORGOU,28000000
8432,Eau potable,1.1,Forage + abreuvoir,Accès à l'eau,p,N,,SAWARAROU,1ER  ARRONDISSEMENT,PARAKOU,BORGOU,28000000
8450,Eau potable,1.1,Forage + abreuvoir,Accès à l'eau,p,N,,CAMP-ADAGBÈ,1ER  ARRONDISSEMENT,PARAKOU,BORGOU,28000000
8470,Eau potable,1.1,Forage + abreuvoir,Accès à l'eau,p,N,,DAMAGOUROU,1ER  ARRONDISSEMENT,PARAKOU,BORGOU,28000000
8490,Eau potable,1.1,Forage + abreuvoir,Accès à l'eau,p,N,,SINAGOUROU,1ER  ARRONDISSEMENT,PARAKOU,BORGOU,28000000
8510,Eau potable,1.1,Forage + abreuvoir,Accès à l'eau,p,N,,BÈYAROU,1ER  ARRONDISSEMENT,PARAKOU,BORGOU,28000000
8546,Eau potable,1.1,Forage + abreuvoir,Accès à l'eau,p,N,,DANKOUROU,OUENOU,N’DALI,BORGOU,28000000
8567,Réalisation d’un forage multifonctionnel à usage agro-pastoral,1.1,Forage + abreuvoir,Accès à l'eau,s,P,COSO,OUÉNOU,OUENOU,N’DALI,BORGOU,48000000
8590,Amélioration de l’accès à l’eau potable à travers la réalisation de deux forages équipés d'un système photovoltaïque  de stockage    à Pouraparè,1.1,Forage simple,Accès à l'eau,s,C,COSO,POURAMPARÈ,OUENOU,N’DALI,BORGOU,60000000
8710,Réalisation de deux forage hydroélectrique avec groupe électrogène,1.1,Forage + abreuvoir,Accès à l'eau,p,N,,TAMAROU,OUENOU,N’DALI,BORGOU,28000000
15901,Délimitation et aménagement de couloir de passage des animaux sur l’axe FOUCTOUM-KANKOULKA,1.1,Forage + abreuvoir,Accès à l'eau,p,FNS,COSO,BIRNI-KANKOULKA,BIRNI,KOUANDE,ATACORA,54000000
15902,Aménagement de la piste et/ou construction des ouvrages hydraulique au profit de la communauté de Sinakpagourou,1.1,Forage simple,Accès à l'eau,p,FNS,COSO,GUILMARO-SINAKPAGOUROU,GUILMARO,KOUANDE,ATACORA,37000000
15904,"Clôture et équipement de deux (02) parcs de vaccination : 1 à Maréssararou, 1 à Kakouro (au profit des éleveurs de Kakou",1.1,Forage + abreuvoir,Accès à l'eau,p,FNS,COSO,SINAOURAROU-GAH,PEHUNCO,PEHUNCO,ATACORA,50000000
15905,Construction des ouvrages hydrauliques et/ou aménagement des rues dans la communauté de Manigri Ikani,1.1,Forage simple,Accès à l'eau,p,FNS,COSO,MANIGRI-IKANNI,MANIGRI,BASSILA,DONGA,62557660
15906,Aménagement de la piste et/ou construction des ouvrages hydraulique sur l'axe Pénéssoulou - Ouli,1.1,Forage simple,Accès à l'eau,p,FNS,COSO,OULI,PENESSOULOU,BASSILA,DONGA,27000000
15907,Aménagement des rues et/ou construction des ouvrages hydrauliques dans la communauté de Pénéssoulou,1.1,Forage simple,Accès à l'eau,p,FNS,COSO,PÉNESSOULOU,PENESSOULOU,BASSILA,DONGA,27000000
15908,Aménagement des rues et/ou construction des ouvrages hydrauliques sur les axes prioritaires suivantes : rue Alfa Djiré ;,1.1,Forage simple,Accès à l'eau,p,FNS,COSO,PÉTONI-POHO- PARTAGO,DJOUGOU I,DJOUGOU,DONGA,35000000
15909,Aménagement des rues et/ou construction des ouvrages hydrauliques dans la communauté de Assaradè,1.1,Forage simple,Accès à l'eau,p,FNS,COSO,ASSARADÈ,OUAKE,OUAKE,DONGA,37979568
15910,Aménagement des rues et/ou construction des ouvrages hydrauliques sur les axes Bohom - Kalabo et Ouaké Centre - N'takpat,1.1,Forage simple,Accès à l'eau,p,FNS,COSO,KANTÈ,OUAKE,OUAKE,DONGA,34979568
5570,Aménagement d'une retenue d'eau pour les cultures agro-pastorale,1.1,Forage + abreuvoir,Accès à l'eau,p,N,,NÉGANZI-PEULH,BASSO,KALALE,BORGOU,28000000
15914,Délimitation et sécurisation du couloir de passage pur accéder aux aires de pâturage allant de ALADJI Dogari Gah – Baffo,1.1,Forage + abreuvoir,Accès à l'eau,p,FNS,COSO,GOUN-GOUN,GUENE,MALANVILLE,ALIBORI,26500000
15915,Délimitation et sécurisation du couloir de passage pour accéder aux aires de pâturage allant de Mokollé village – Mokoll,1.1,Forage + abreuvoir,Accès à l'eau,p,FNS,COSO,MOKOLLÉ,GUENE,MALANVILLE,ALIBORI,40000000
8933,Réalisation d’un forage multifonctionnel à usage agro-pastoral,1.1,Forage + abreuvoir,Accès à l'eau,s,P,COSO,GOROUKAMBOU,BIRNI LAFIA,KARIMAMA,ALIBORI,50000000
15925,Aménagement et sécurisation des couloirs de passage,1.1,Forage + abreuvoir,Accès à l'eau,p,FNS,COSO,BOURAOURÈ,BOUCA,KALALE,BORGOU,20000000
9525,"Apui au groupement de femmes en matériels et équipements maraîchers ( grillage de clôture, houes, bottes, râteau, arrosoirs moto pompe, kits de micro irrigation, etc...",1.2b,Forage simple,Accès à l'eau,p,N,,SAMPÈTO,FOUNOUGO,BANIKOARA,ALIBORI,12000000
9454,"Apui au groupement de femmes en matériels et équipements maraîchers ( grillage de clôture, houes, bottes, râteaux, kits de micro irrigation, moto pompe,etc...)",1.2b,Forage simple,Accès à l'eau,p,N,,IBOTO,FOUNOUGO,BANIKOARA,ALIBORI,12000000
8913,Réalisation d’un forage multifonctionnel à usage agro-pastoral,1.1,Forage + abreuvoir,Accès à l'eau,s,FNS,COSO,TONDOOBON,BIRNI LAFIA,KARIMAMA,ALIBORI,50000000
15930,Matérialisation/sécurisation du couloir de passage et aménagement d'une aire de pâturage,1.1,Forage + abreuvoir,Accès à l'eau,p,FNS,COSO,GNELSANDA,OUENOU,N’DALI,BORGOU,35000000
15931,Réalisation d'une parcelle fourragère au panicole C1,1.1,Forage + abreuvoir,Accès à l'eau,p,FNS,COSO,GNELKIRADJÉ,OUENOU,N’DALI,BORGOU,48000000
15932,Réalisation d'une parcelle fourragère au panicole C1,1.1,Forage + abreuvoir,Accès à l'eau,p,FNS,COSO,GORÉ,TASSO,NIKKI,BORGOU,40000000
12033,Réalisation d’un forage multifonctionnel à usage agro-pastoral,1.1,Forage simple,Accès à l'eau,s,FNS,COSO,KOUCONGOU,KORONTIERE,BOUKOMBE,ATACORA,44000000
15933,Amélioration de l'accès au pâturage à travers la matérialisation d’un couloir de passage de 12 km (Ouberou jusqu’à Baka),1.1,Forage + abreuvoir,Accès à l'eau,p,FNS,COSO,WOROU-TOKOROU,1ER  ARRONDISSEMENT,PARAKOU,BORGOU,23000000
15934,Matérialisation du couloir de passage des animaux plus aire de pâturage,1.1,Forage + abreuvoir,Accès à l'eau,p,FNS,COSO,GOUNIN DE PARAKOU1,1ER  ARRONDISSEMENT,PARAKOU,BORGOU,23000000
13099,Réalisation d’un forage multifonctionnel à usage agro-pastoral,1.1,Forage simple,Accès à l'eau,s,P,COSO,KPANKPANKOU,OROUKAYO,KOUANDE,ATACORA,35500000
4868,Bénéficier d'une formation sur les techniques du marechage et acquisitions des motos pompes au profit des associations du marechage,1.2b,Forage simple,Accès à l'eau,p,N,,GUIGUISSO,BASSILA,BASSILA,DONGA,12000000
11259,Besoin en eau potable,1.1,Forage simple,Accès à l'eau,p,N,,SINAOURAROU-GAH,PEHUNCO,PEHUNCO,ATACORA,12000000
15111,"Campements peulhs-Barrage Sinaou, Campements peulhs-aire de pâturage ; plus aire de pâturage des animaux à  Ankouamon et à Djanati (Sinaou)",1.1,Forage + abreuvoir,Accès à l'eau,p,N,,SINAOU,TOBRE,PEHUNCO,ATACORA,28000000
15939,Sécurisation des espaces pastoraux sur 41 Km de couloirs de mobilité de bétail et 29 ha des aires de pâturages (Kandèrou,1.1,Forage + abreuvoir,Accès à l'eau,p,FNS,COSO,KANDÉROU-KOTCHERA,FOUNOUGO,BANIKOARA,ALIBORI,31800000
15940,Sécurisation des espaces pastoraux sur 28 Km de couloirs de mobilité de bétail et 17 ha des aires de pâturages (Siki-Kon,1.1,Forage + abreuvoir,Accès à l'eau,p,FNS,COSO,KONEY,FOUNOUGO,BANIKOARA,ALIBORI,31800000
9032,Réalisation d’un forage multifonctionnel à usage agro-pastoral,1.1,Forage + abreuvoir,Accès à l'eau,s,FNS,COSO,FADAMA,BIRNI LAFIA,KARIMAMA,ALIBORI,50000000
9048,Amélioration de l'accès à l'eau potable dans le marché de Birni-Lafia à travers la réalisation d’un (01) forage équipé d,1.1,Forage + abreuvoir,Accès à l'eau,s,FNS,COSO,KARIGUI,BIRNI LAFIA,KARIMAMA,ALIBORI,10000000
9173,Etude et realisation de  deux forages,1.1,Forage + abreuvoir,Accès à l'eau,p,N,,LOUMBOU-LOUMBOU,MONSEY,KARIMAMA,ALIBORI,28000000
9210,Etude et réalisation de deux forages plus abrevoir,1.1,Forage + abreuvoir,Accès à l'eau,p,N,,MONSEY,MONSEY,KARIMAMA,ALIBORI,28000000
9190,Réalisation d’un forage multifonctionnel à usage agro-pastoral,1.1,Forage + abreuvoir,Accès à l'eau,s,FNS,COSO,MACHAYAN-MARCHÉ,MONSEY,KARIMAMA,ALIBORI,42000000
4359,Construction de de trois forages et réhabilitation de quatre,1.1,Forage simple,Accès à l'eau,p,N,,ATCHAKITAM,SEMERE 1,OUAKE,DONGA,12000000
9338,Forage agro-pastorale,1.1,Forage + abreuvoir,Accès à l'eau,p,N,,GOUGNIROU-GAH,FOUNOUGO,BANIKOARA,ALIBORI,28000000
4129,Construction de forage (04),1.1,Forage simple,Accès à l'eau,p,N,,OURAMARÉ,SEMERE 1,OUAKE,DONGA,12000000
9371,Réalisation de forage à usage multiples dans le village,1.1,Forage + abreuvoir,Accès à l'eau,p,N,,BANITÈ-FÈRÈ KIRÈ,GUENE,MALANVILLE,ALIBORI,28000000
15963,"Réaménagement du barrage de Takou à travers le surcreusement et un aménagement pour faciliter l’abreuvage, le jardinage",1.1,Forage + abreuvoir,Accès à l'eau,p,FNS,COSO,TAKOU,NIKKI,NIKKI,BORGOU,40000000
4354,"Construction de hangar, 2- construction des magasins de stockage, 3- installation de forages, 4- sécuriser le site par l'installation de la clôture, 5- construction d'une boucherie",1.2a,Forage simple,Accès à l'eau,p,N,,KIM-KIM,SEMERE 1,OUAKE,DONGA,12000000
15971,Amélioration des activités agropastorales à travers la construction d’une retenue d’eau à Gorogao,1.1,Forage + abreuvoir,Accès à l'eau,p,FNS,COSO,GOROGAWO,BASSO,KALALE,BORGOU,65000000
15977,Aménagement de la piste et/ou construction des ouvrages hydrauliques sur l'axe Birni-Maro-Tamandé,1.1,Forage simple,Accès à l'eau,p,FNS,COSO,BIRNI MARO,BIRNI,KOUANDE,ATACORA,30000000
15978,Aménagement de la piste et/ou construction des ouvrages hydraulique sur l'axe Wème - Sakasson au profit de la communauté,1.1,Forage simple,Accès à l'eau,p,FNS,COSO,WÉMÈ,CHABI – COUMA,KOUANDE,ATACORA,52800000
15979,Aménagement des rues et/ou construction des ouvrages hydrauliques sur les axes prioritaires suivantes : rue petit marché,1.1,Forage simple,Accès à l'eau,p,FNS,COSO,PÉTONI-POHO-GOROBANI,DJOUGOU I,DJOUGOU,DONGA,35000000
15980,Aménagement des rues et/ou construction des ouvrages hydrauliques sur les axes prioritaires suivantes : Petit marché - M,1.1,Forage simple,Accès à l'eau,p,FNS,COSO,ZONGO DE DJOUGOU1,DJOUGOU I,DJOUGOU,DONGA,35000000
15981,Aménagement de pistes et/ou construction des ouvrages hydrauliques sur l'axe Leman Bogou -  Kati et Wargou,1.1,Forage simple,Accès à l'eau,p,FNS,COSO,LÉMAN-BOGOU,DJOUGOU II,DJOUGOU,DONGA,35000000
3468,"2- Realiser cinq forages à Bissetoupour ,  améliorer  l'accès à l'eau potable à tous les ménages",1.1,Forage simple,Accès à l'eau,p,N,,BISSÉTOUGOU,BADJOUDE,OUAKE,DONGA,12000000
15995,Amélioration à l’accès à l’eau potable dans le village à Djèga - Kalalé à travers la réalisation d'un Poste d'Eau Autono,1.1,Forage + abreuvoir,Accès à l'eau,p,FNS,COSO,DJEGA-KALALÉ,KALALE,KALALE,BORGOU,40000000
3458,3-  Construction des forages,1.2b,Forage simple,Accès à l'eau,p,N,,HONGON,BIRNI,KOUANDE,ATACORA,12000000
9676,Construction d'un forage équipé d'une pompe à motricité humaine à mourabarou,1.1,Forage simple,Accès à l'eau,p,N,,YINYINPOGOU,FOUNOUGO,BANIKOARA,ALIBORI,12000000
9694,Sécurisation des espaces pastoraux sur 40 Km de couloirs de mobilité de bétail et 26 ha des aires de pâturages (Badégou-,1.1,Forage + abreuvoir,Accès à l'eau,s,FNS,COSO,GAMA,FOUNOUGO,BANIKOARA,ALIBORI,31800000
9948,4- Amélioration de l'accès à l'eau potable à travers la réalisation d’un (01) forage équipé de dispositif solaire plus château avec borne fontaine et système d'abreuvement au camp peulh Noussoukou,1.1,Forage + abreuvoir,Accès à l'eau,p,N,,KASSA,MADECALI,MALANVILLE,ALIBORI,28000000
9769,"Réalisation des ouvrages d'eau à usage multiple pour abreuvement, maraîchage et usage domestique dans la localité de Bangou (Koara-Zénon, Goroubandan Haoussatché -Kouré, Koara -Tégui, ,akobaka,Pompi)",1.1,Forage + abreuvoir,Accès à l'eau,s,C,COSO,BANGOU,GUENE,MALANVILLE,ALIBORI,40000000
9808,Réaliser des forages en eau potable,1.1,Forage simple,Accès à l'eau,p,N,,SOROKO,SOROKO,BANIKOARA,ALIBORI,12000000
9863,Construire des forages en eau potable,1.1,Forage + abreuvoir,Accès à l'eau,p,N,,SOROKO GAH,SOROKO,BANIKOARA,ALIBORI,28000000
9203,Acquisition de motopompe pour le maraichage,1.2b,Forage simple,Accès à l'eau,p,N,,MACHAYAN-MARCHÉ,MONSEY,KARIMAMA,ALIBORI,12000000
9872,Réaliser des forages en eau potable,1.1,Forage simple,Accès à l'eau,p,N,,SOUDOU,SOROKO,BANIKOARA,ALIBORI,12000000
9875,Réaliser un forage Agro-pastorale,1.1,Forage + abreuvoir,Accès à l'eau,p,N,,SOUDOU,SOROKO,BANIKOARA,ALIBORI,28000000
9907,3- Réaliser des forages avec abreuvoirs adaptés au profit des éleveurs au niveau de l’aire de pâturage,1.1,Forage + abreuvoir,Accès à l'eau,p,N,,ILLOUA,MADECALI,MALANVILLE,ALIBORI,28000000
8025,Réalisation de forage,1.1,Forage simple,Accès à l'eau,p,N,,BOO,NIKKI,NIKKI,BORGOU,12000000
8036,Réalisation de forage,1.1,Forage simple,Accès à l'eau,p,N,,DONKPARAWI,NIKKI,NIKKI,BORGOU,12000000
8109,Amélioration de l'accès à l'eau potable,1.1,Forage simple,Accès à l'eau,p,N,,BAKINKOURA,1ER  ARRONDISSEMENT,PARAKOU,BORGOU,12000000
9968,5- Amélioration de l'accès à l'eau potable à travers la réalisation d’un (01) forage équipé de dispositif solaire plus château avec borne fontaine et système d'abreuvement à Ifoulougou,1.1,Forage + abreuvoir,Accès à l'eau,p,N,,KOUALÉROU,MADECALI,MALANVILLE,ALIBORI,28000000
10145,Amélioration de l'accès à l'eau potable à travers la réalisation d'un forage à usage multiple,1.1,Forage + abreuvoir,Accès à l'eau,p,N,,TASSI-TÉDJI-BANIZOUNBOU,MALANVILLE,MALANVILLE,ALIBORI,28000000
10125,"Réalisation des ouvrages d'eau à usage multiple pour abreuvement, maraîchage et usage domestique dans la localité de Golobanda",1.1,Forage + abreuvoir,Accès à l'eau,s,C,COSO,GOLOBANDA,MALANVILLE,MALANVILLE,ALIBORI,42000000
10165,Amélioration de l'accès à l'eau potable à travers la réalisation d'un forage à usage multiple,1.1,Forage + abreuvoir,Accès à l'eau,p,N,,BODJÉCALI-CHÂTEAU,MALANVILLE,MALANVILLE,ALIBORI,28000000
10298,Acquisition de moto pompe plus mini forage au profit des maraichers,1.2b,Forage simple,Accès à l'eau,p,N,,BODJÉCALI,MALANVILLE,MALANVILLE,ALIBORI,12000000
10185,Amélioration de l'accès à l'eau potable à travers la réalisation d'un forage à usage multiple,1.1,Forage + abreuvoir,Accès à l'eau,p,N,,TASSI-TÉDJI,MALANVILLE,MALANVILLE,ALIBORI,28000000
3500,2- Réaliser les  forages hydrauliques améliorer l'accès de les ménages en eau potable,1.1,Forage simple,Accès à l'eau,p,N,,KAKPALA,BADJOUDE,OUAKE,DONGA,12000000
4309,Réalisation d’un forage multifonctionnel à usage agro-pastoral,1.1,Forage simple,Accès à l'eau,s,FNS,COSO,DAKA,SEMERE 1,OUAKE,DONGA,38000000
10388,Réalisation de forage à usage multiple,1.1,Forage + abreuvoir,Accès à l'eau,p,N,,WOLLO,MALANVILLE,MALANVILLE,ALIBORI,28000000
10405,Réalisation d'un forage,1.1,Forage + abreuvoir,Accès à l'eau,p,N,,WOURO-YESSO,MALANVILLE,MALANVILLE,ALIBORI,28000000
10468,Réaliser un forage équipé d'un système solaire,1.1,Forage simple,Accès à l'eau,p,N,,TOUMBOUTOU SANTCHÉ,TOUMBOUTOU,MALANVILLE,ALIBORI,12000000
3488,Réalisation des forages hydraulique,1.1,Forage simple,Accès à l'eau,p,N,,AKPADÈ,BADJOUDE,OUAKE,DONGA,12000000
10525,Construction d'un forage équipe de dispositif solaire plus château d'eau et bonne fontaine destinée à consommation humaine et à l'abrevement pastorale,1.1,Forage + abreuvoir,Accès à l'eau,p,N,,SOUKAROU,WARA,GOGOUNOU,ALIBORI,28000000
11547,"Construction des hangars,  latrines publiques , forage équipé de photovoltaïque et lampadaire solaire et magasin au profit du marché de Guilmaro",1.2a,Forage simple,Accès à l'eau,p,N,,SÉRI,GUILMARO,KOUANDE,ATACORA,12000000
11525,"Construction des hangars,  latrines  , toilettes,  forage équipé de photovoltaïque et lampadaire solaire et magasin au profit du marché de Guilmaro",1.2a,Forage simple,Accès à l'eau,p,N,,KPAKOU-TANKONGA,GUILMARO,KOUANDE,ATACORA,12000000
11524,"Construction des hangars,  latrines  , toilettes,  forage équipé de photovoltaïque et lampadaire solaire et magasin au profit du marché de Guilmaro",1.2a,Forage simple,Accès à l'eau,p,N,,KPAKOU-TANKONGA,GUILMARO,KOUANDE,ATACORA,12000000
11523,"Construction des hangars,  latrines  , toilettes,  forage équipé de photovoltaïque et lampadaire solaire et magasin au profit du marché de Guilmaro",1.2a,Forage simple,Accès à l'eau,p,N,,KPAKOU-TANKONGA,GUILMARO,KOUANDE,ATACORA,12000000
11452,"Construction des hangars,  latrines,  toilettes,  forage équipé de photovoltaïque et lampadaire solaire et magasin au profit du marché de Guilmaro",1.2a,Forage simple,Accès à l'eau,p,N,,FOO-MAMA,GUILMARO,KOUANDE,ATACORA,12000000
11453,"Construction des hangars,  latrines,  toilettes,  forage équipé de photovoltaïque et lampadaire solaire et magasin au profit du marché de Guilmaro",1.2a,Forage simple,Accès à l'eau,p,N,,FOO-MAMA,GUILMARO,KOUANDE,ATACORA,12000000
11451,"Construction des hangars,  latrines,  toilettes,  forage équipé de photovoltaïque et lampadaire solaire et magasin au profit du marché de Guilmaro",1.2a,Forage simple,Accès à l'eau,p,N,,FOO-MAMA,GUILMARO,KOUANDE,ATACORA,12000000
11537,"Construction des hangars,latrines, toilettes publiques, forage équipé de photovoltaïque et lampadaire solaire et magasin au profit du marché de Guilmaro",1.2a,Forage simple,Accès à l'eau,p,N,,OUROUFINA,GUILMARO,KOUANDE,ATACORA,12000000
11535,"Construction des hangars,latrines, toilettes publiques, forage équipé de photovoltaïque et lampadaire solaire et magasin au profit du marché de Guilmaro",1.2a,Forage simple,Accès à l'eau,p,N,,OUROUFINA,GUILMARO,KOUANDE,ATACORA,12000000
11536,"Construction des hangars,latrines, toilettes publiques, forage équipé de photovoltaïque et lampadaire solaire et magasin au profit du marché de Guilmaro",1.2a,Forage simple,Accès à l'eau,p,N,,OUROUFINA,GUILMARO,KOUANDE,ATACORA,12000000
10586,Réalisation des forages équipés de panneau,1.1,Forage + abreuvoir,Accès à l'eau,p,N,,GANSOSSO-GBIGA,KANDI 1,KANDI,ALIBORI,28000000
10605,Réalisation d’un forage multifonctionnel à usage agro-pastoral,1.1,Forage + abreuvoir,Accès à l'eau,s,P,COSO,GANSOSSO-YIROUSSÉ,KANDI 1,KANDI,ALIBORI,42000000
10665,Construction d'un forage équipé de dispositifs solaires plus château d'eau plus bonne fontaine destinée à la consommation humaine et à l'abreuvement des animaux,1.1,Forage + abreuvoir,Accès à l'eau,p,N,,WARA-GAH,WARA,GOGOUNOU,ALIBORI,28000000
10624,Réalisation d’un forage multifonctionnel à usage agro-pastoral,1.1,Forage + abreuvoir,Accès à l'eau,s,FNS,COSO,GANDO-KOSSIKANA,KANDI 1,KANDI,ALIBORI,42000000
10727,Réalisation d’un forage multifonctionnel à usage agro-pastoral,1.1,Forage + abreuvoir,Accès à l'eau,s,FNS,COSO,KÉFÉRI-SINTÉ,KANDI 1,KANDI,ALIBORI,42000000
3637,Construction de forage,1.1,Forage + abreuvoir,Accès à l'eau,p,N,,TCHALADÈ,OUAKE,OUAKE,DONGA,28000000
6350,Construction d'un barrage hydro pastoral,1.1,Forage + abreuvoir,Accès à l'eau,p,N,,NASSY,GUINAGOUROU,PERERE,BORGOU,28000000
11179,Réalisation d’un forage multifonctionnel à usage agro-pastoral,1.1,Forage simple,Accès à l'eau,s,P,COSO,GNÉMASSON-GANDO,GNEMASSON,PEHUNCO,ATACORA,58000000
11310,Réalisation d’un forage multifonctionnel à usage agro-pastoral,1.1,Forage + abreuvoir,Accès à l'eau,s,P,COSO,KOUNTORI,KOUNTORI,COBLY,ATACORA,43100000
11296,Réalisation d'un point d’eau multifonctionnel à usage agropastoral avec ouvrages de prise et système solaire d'exploitation,1.1,Forage + abreuvoir,Accès à l'eau,s,C,COSO,NAMOUTCHAGA,KOUNTORI,COBLY,ATACORA,43105364
11300,Réalisation d’un forage multifonctionnel à usage agro-pastoral,1.1,Forage + abreuvoir,Accès à l'eau,s,FNS,COSO,SERHOUNGUÈ,KOUNTORI,COBLY,ATACORA,42000000
11379,Réalisation d’un forage multifonctionnel à usage agro-pastoral,1.1,Forage + abreuvoir,Accès à l'eau,s,FNS,COSO,TASSAHOUN,GOUANDE,MATERI,ATACORA,40000000
11560,Réalisation d’un point d’eau multifonctionnel (Forage équipé de dispositif solaire plus château d'eau et bornes fontaines avec abreuvoirs),1.1,Forage simple,Accès à l'eau,s,C,COSO,GNAMPOLI,KOABAGOU,KEROU,ATACORA,60000000
11605,Réalisation d'un point d'eau potable,1.2a,Forage + abreuvoir,Accès à l'eau,p,N,,DIKOUMINI,DIPOLI,BOUKOMBE,ATACORA,28000000
12137,Réalisation d’un forage multifonctionnel à usage agro-pastoral,1.1,Forage simple,Accès à l'eau,s,P,COSO,KOUYA,KORONTIERE,BOUKOMBE,ATACORA,38000000
11780,Réalisation d’un forage multifonctionnel à usage agro-pastoral,1.1,Forage simple,Accès à l'eau,s,FNS,COSO,NATIÉNI,KORONTIERE,BOUKOMBE,ATACORA,38000000
11833,Réalisation d’un forage multifonctionnel à usage agro-pastoral,1.1,Forage simple,Accès à l'eau,s,FNS,COSO,KOUPAGOU-KORONTIÈRE,KORONTIERE,BOUKOMBE,ATACORA,44000000
11813,Amélioration de l’accès à l’eau potable (Forage équipé de dispositif solaire plus château d'eau et bornes fontaines),1.1,Forage simple,Accès à l'eau,s,FNS,COSO,OKOUARO,KORONTIERE,BOUKOMBE,ATACORA,44000000
9222,Acquisition des motopompes et semences de riz certifié pour au profit des producteurs de monsey,1.2b,Forage simple,Accès à l'eau,p,N,,MONSEY,MONSEY,KARIMAMA,ALIBORI,12000000
12013,Réalisation d’un forage multifonctionnel à usage agro-pastoral,1.1,Forage simple,Accès à l'eau,s,FNS,COSO,KOUTCHATIÉ,KORONTIERE,BOUKOMBE,ATACORA,38000000
12117,Amélioration de l’accès à l’eau potable (Forage équipé de dispositif solaire plus château d'eau et bornes fontaines),1.1,Forage simple,Accès à l'eau,s,C,COSO,KÊYORDAKÊ,KORONTIERE,BOUKOMBE,ATACORA,44000000
7101,Réalisation de quatre 04 forages photovoltaïques,1.1,Forage + abreuvoir,Accès à l'eau,p,N,,SÉBANA,KALALE,KALALE,BORGOU,28000000
12158,Réalisation d’un forage multifonctionnel à usage agro-pastoral,1.1,Forage simple,Accès à l'eau,s,P,COSO,TASSAYOTA,KORONTIERE,BOUKOMBE,ATACORA,38000000
3539,Construction d’un forage,1.1,Forage simple,Accès à l'eau,p,N,,SOBITÈ,OUAKE,OUAKE,DONGA,12000000
4845,Construction d'un forage au sein du marché,1.2a,Forage simple,Accès à l'eau,p,N,,DOGUÈ,BASSILA,BASSILA,DONGA,12000000
7814,Construction d’un forage d’eau dans le village,1.1,Forage simple,Accès à l'eau,p,N,,WÉKÉTÈRÈ,OUENOU,N’DALI,BORGOU,12000000
3542,Construction d'un forage photovoltaïque,1.1,Forage simple,Accès à l'eau,p,N,,SOBITÈ,OUAKE,OUAKE,DONGA,12000000
12282,Réalisation d’un forage multifonctionnel à usage agro-pastoral,1.1,Forage simple,Accès à l'eau,s,P,COSO,KOUDOGOU,NATA,BOUKOMBE,ATACORA,35500000
9431,Aménagement de couloirs pastoraux et d’aires de pâturage,1.1,Forage + abreuvoir,Accès à l'eau,s,FNS,COSO,BOFOUNOU,FOUNOUGO,BANIKOARA,ALIBORI,31800000
12314,Réalisation d’un forage multifonctionnel à usage agro-pastoral,1.1,Forage simple,Accès à l'eau,s,FNS,COSO,KOUWONATOUGOU,NATA,BOUKOMBE,ATACORA,35500000
12322,Réalisation d’un forage multifonctionnel à usage agro-pastoral,1.1,Forage simple,Accès à l'eau,s,FNS,COSO,KOUWOTCHIRGOU,NATA,BOUKOMBE,ATACORA,35500000
12424,Amélioration de l'accès à l'eau potable,1.1,Forage simple,Accès à l'eau,p,N,,NIORO- KOLINA,PENESSOULOU,BASSILA,DONGA,12000000
12532,Forage,1.1,Forage + abreuvoir,Accès à l'eau,p,N,,SAKASSON-DITAMARI,CHABI – COUMA,KOUANDE,ATACORA,28000000
12566,Eau potable,1.1,Forage + abreuvoir,Accès à l'eau,p,N,,WÉMÈ,CHABI – COUMA,KOUANDE,ATACORA,28000000
12595,Réalisation d’un forage multifonctionnel à usage agro-pastoral,1.1,Forage + abreuvoir,Accès à l'eau,s,FNS,COSO,BORÉ,KOUANDE,KOUANDE,ATACORA,35500000
12635,Amélioration de l’accès à l’eau potable (Forage équipé de dispositif solaire plus château d'eau et bornes fontaines),1.1,Forage + abreuvoir,Accès à l'eau,s,C,COSO,SÉKOGOUROU-BAÏLA,KOUANDE,KOUANDE,ATACORA,35500000
12837,Réalisation d’un forage multifonctionnel à usage agro-pastoral,1.1,Forage + abreuvoir,Accès à l'eau,s,FNS,COSO,KPESSININ,KOUANDE,KOUANDE,ATACORA,35500000
2865,Construction d'un ouvrage d'eau potable,1.1,Forage simple,Accès à l'eau,p,N,,GBÉNIKI,CHABI – COUMA,KOUANDE,ATACORA,12000000
12917,Amélioration de l’accès à l’eau potable (Forage équipé de dispositif solaire plus château d'eau et bornes fontaines),1.1,Forage + abreuvoir,Accès à l'eau,s,C,COSO,TOKORO,KOUANDE,KOUANDE,ATACORA,35500000
2992,Construction d'un point d'eau potable,1.2a,Forage simple,Accès à l'eau,p,N,,KOUBORO,BIRNI,KOUANDE,ATACORA,12000000
12857,Réalisation d’un forage multifonctionnel à usage agro-pastoral,1.1,Forage + abreuvoir,Accès à l'eau,s,FNS,COSO,MAKROU-GOUROU,KOUANDE,KOUANDE,ATACORA,35500000
12877,Réalisation d’un forage multifonctionnel à usage agro-pastoral,1.1,Forage + abreuvoir,Accès à l'eau,s,FNS,COSO,MARO DE KOUANDE,KOUANDE,KOUANDE,ATACORA,35500000
13065,ACCES À L'EAU POTABLE,1.1,Forage simple,Accès à l'eau,p,N,,OROUGBÉNI,OROUKAYO,KOUANDE,ATACORA,12000000
13083,Aménagement de couloirs pastoraux et d’aires de pâturage,1.1,Forage + abreuvoir,Accès à l'eau,s,P,COSO,GONRI,TOBRE,PEHUNCO,ATACORA,25500000
13093,Aménagement de couloirs pastoraux et d’aires de pâturage,1.1,Forage + abreuvoir,Accès à l'eau,s,P,COSO,SINAOU,TOBRE,PEHUNCO,ATACORA,25500000
13069,Amélioration de l’accès à l’eau potable (Forage équipé de dispositif solaire plus château d'eau et bornes fontaines),1.1,Forage simple,Accès à l'eau,s,C,COSO,OROUKAYO,OROUKAYO,KOUANDE,ATACORA,35500000
13073,Réalisation d’un forage multifonctionnel à usage agro-pastoral,1.1,Forage + abreuvoir,Accès à l'eau,s,FNS,COSO,PÉLIMA,OROUKAYO,KOUANDE,ATACORA,35500000
13078,Réalisation d’un forage multifonctionnel à usage agro-pastoral,1.1,Forage + abreuvoir,Accès à l'eau,s,FNS,COSO,GAMBINOU,TOBRE,PEHUNCO,ATACORA,35000000
13086,"Délimitation et sécurisation des couloirs de passage Kiribéné –Nimbéré, des campements vers l’aire de pâturage Nimgousso",1.1,Forage + abreuvoir,Accès à l'eau,s,FNS,COSO,GUIMBÉRÉROU,TOBRE,PEHUNCO,ATACORA,25500000
4110,Réalisation d’un forage multifonctionnel à usage agro-pastoral,1.1,Forage simple,Accès à l'eau,s,FNS,COSO,KOUBLY,SEMERE 1,OUAKE,DONGA,38000000
4149,Réalisation d’un forage multifonctionnel à usage agro-pastoral,1.1,Forage simple,Accès à l'eau,s,FNS,COSO,TCHINGAYARÉ,SEMERE 1,OUAKE,DONGA,38000000
13258,Réalisation d’un forage multifonctionnel à usage agro-pastoral,1.1,Forage + abreuvoir,Accès à l'eau,s,FNS,COSO,KOUGNIERI,N’DAHONTA,TANGUIETA,ATACORA,42500000
13298,Réalisation d’un forage multifonctionnel à usage agro-pastoral,1.1,Forage + abreuvoir,Accès à l'eau,s,FNS,COSO,SAMMONGOU,N’DAHONTA,TANGUIETA,ATACORA,42500000
9334,Aménagement de couloirs pastoraux et d’aires de pâturage,1.1,Forage + abreuvoir,Accès à l'eau,s,FNS,COSO,FOUNOUGO-GAH,FOUNOUGO,BANIKOARA,ALIBORI,31800000
3561,Construction de forage photovoltaïque,1.1,Forage simple,Accès à l'eau,p,N,,SONAHOLOU,OUAKE,OUAKE,DONGA,12000000
13278,Réalisation d’un forage multifonctionnel à usage agro-pastoral,1.1,Forage simple,Accès à l'eau,s,P,COSO,NATAGATA,N’DAHONTA,TANGUIETA,ATACORA,42500000
13338,Forage avec panneaux photovoltaïques,1.1,Forage + abreuvoir,Accès à l'eau,p,N,,N’DAHONTA,N’DAHONTA,TANGUIETA,ATACORA,28000000
13318,Réalisation d’un forage multifonctionnel à usage agro-pastoral,1.1,Forage + abreuvoir,Accès à l'eau,s,FNS,COSO,SONTA,N’DAHONTA,TANGUIETA,ATACORA,42500000
4350,"Construction de hangar, 2- construction de magasin, 3- installation des toilettes (douches et latrines), 4- réaliser un forage, 5- clôturer le site du marché",1.2a,Forage simple,Accès à l'eau,p,N,,MAMI,SEMERE 1,OUAKE,DONGA,12000000
3100,"Amélioration d'accès à l'eau potable pour usage multiple (homme et bétail) par la réalisation d'un Poste d'eau Autonome (PEA) équipé de dispositif photovoltaïque, de chateaux, de bornes fontaines et d'abreuvoirs",1.1,Forage simple,Accès à l'eau,s,C,COSO,SÈTRAH,ANANDANA,COPARGO,DONGA,46500000
13518,Amélioration de l’accès à l’eau potable (Forage équipé de dispositif solaire plus château d'eau et bornes fontaines),1.1,Forage + abreuvoir,Accès à l'eau,s,C,COSO,GNANGOU,TAPOGA,COBLY,ATACORA,45000000
13558,Réalisation d’un forage multifonctionnel à usage agro-pastoral,1.1,Forage + abreuvoir,Accès à l'eau,s,P,COSO,ZANNIOURI,TAPOGA,COBLY,ATACORA,45000000
13583,Forage,1.1,Forage + abreuvoir,Accès à l'eau,p,N,,KOUANDATA,KOUANDATA,NATITINGOU,ATACORA,28000000
13577,Réalisation d’un forage multifonctionnel à usage agro-pastoral,1.1,Forage simple,Accès à l'eau,s,P,COSO,KOLGOU,TAPOGA,COBLY,ATACORA,45000000
13750,Forage,1.1,Forage + abreuvoir,Accès à l'eau,p,N,,TAKONTA,TCHOUMI-TCHOUMI,NATITINGOU,ATACORA,28000000
13662,Réalisation d’un forage multifonctionnel à usage agro-pastoral,1.1,Forage + abreuvoir,Accès à l'eau,s,FNS,COSO,KOUWA N'PONGOU,TCHOUMI-TCHOUMI,NATITINGOU,ATACORA,58500000
13710,Amélioration de l’accès à l’eau potable (Forage équipé de dispositif solaire plus château d'eau et bornes fontaines),1.1,Forage + abreuvoir,Accès à l'eau,s,C,COSO,KOUTIÉ TCHATIDO,TCHOUMI-TCHOUMI,NATITINGOU,ATACORA,58500000
13682,Amélioration de l’accès à l’eau potable (Forage équipé de dispositif solaire plus château d'eau et bornes fontaines),1.1,Forage + abreuvoir,Accès à l'eau,s,C,COSO,TCHOUMI-TCHOUMI,TCHOUMI-TCHOUMI,NATITINGOU,ATACORA,58500000
13730,Réalisation d’un forage multifonctionnel à usage agro-pastoral,1.1,Forage + abreuvoir,Accès à l'eau,s,FNS,COSO,MOUPÉMOU,TCHOUMI-TCHOUMI,NATITINGOU,ATACORA,58500000
13698,Réalisation d’un forage multifonctionnel à usage agro-pastoral,1.1,Forage + abreuvoir,Accès à l'eau,s,FNS,COSO,WIMMOU,TCHOUMI-TCHOUMI,NATITINGOU,ATACORA,58500000
13803,Forage,1.1,Forage + abreuvoir,Accès à l'eau,p,N,,PENITINGOU,COTIAKOU,TANGUIETA,ATACORA,28000000
10634,"Dotation de kite (motopompe, brouette, arrosoirs, bottes, gants,houe) pour la production maraicher",1.2b,Forage simple,Accès à l'eau,p,N,,GANDO-KOSSIKANA,KANDI 1,KANDI,ALIBORI,12000000
13863,Réalisation d’un forage multifonctionnel à usage agro-pastoral,1.1,Forage + abreuvoir,Accès à l'eau,s,FNS,COSO,KPENTIKOU,TOUKOUNTOUNA,TOUKOUNTOUNA,ATACORA,37500000
14016,Réalisation d’un forage multifonctionnel à usage agro-pastoral,1.1,Forage simple,Accès à l'eau,s,FNS,COSO,TAMPATOU,TOUKOUNTOUNA,TOUKOUNTOUNA,ATACORA,37500000
13976,Réalisation d’un forage multifonctionnel à usage agro-pastoral,1.1,Forage simple,Accès à l'eau,s,P,COSO,DATAKOU,TOUKOUNTOUNA,TOUKOUNTOUNA,ATACORA,37500000
13996,Réalisation d’un forage multifonctionnel à usage agro-pastoral,1.1,Forage simple,Accès à l'eau,s,P,COSO,KOKOKOU,TOUKOUNTOUNA,TOUKOUNTOUNA,ATACORA,37500000
14078,Réalisation de forage à sabo et gourè wagna,1.1,Forage simple,Accès à l'eau,p,N,,BOUKANÈRÈ,NIKKI,NIKKI,BORGOU,12000000
14116,"Réalisation d'un PEA équipé de dispositif solaire et bornes fontaines au profit d'une population de 1763 habitants (Tontarou Peulh, Babi et Déri)",1.1,Forage + abreuvoir,Accès à l'eau,s,C,COSO,TONTAROU-PEULH,NIKKI,NIKKI,BORGOU,40000000
14320,Réalisation de forage photovoltaïque,1.1,Forage simple,Accès à l'eau,p,N,,OUÉNOU-PEULH,OUENOU,N’DALI,BORGOU,12000000
9826,Construire un forage Agro-pastorale,1.1,Forage + abreuvoir,Accès à l'eau,p,N,,SOROKO YOROUNON,SOROKO,BANIKOARA,ALIBORI,28000000
4096,Construction de forage,1.2a,Forage + abreuvoir,Accès à l'eau,p,N,,ATCHANKPA-KOLAH,SEMERE 1,OUAKE,DONGA,28000000
8750,"Faciliter l'accès à l'eau à travers la réalisation d'un Point d'eau autonome pour desservir les hameaux de Gbekpanin, Warigbékpanin, Sinakpassoboudo, et Petit Boudo et abreuver les animaux",1.1,Forage simple,Accès à l'eau,p,N,,GBÉKPANIN,TCHATCHOU,TCHAOUROU,BORGOU,12000000
8810,"Faciliter l'accès à l'eau à travers la réalisation d'un Point d'eau autonome pour desservir les hameaux de Ousmane Kparou, Dalikparou, Gouré pola, Maré-koka,Koumakparou, Gango, Demon et Gbayambarou",1.1,Forage simple,Accès à l'eau,p,N,,GOKANNA,TCHATCHOU,TCHAOUROU,BORGOU,12000000
12938,FFORAGE D’EAU POTABLE,1.1,Forage simple,Accès à l'eau,p,N,,BOROYINDÉ,FOO-TANCE,KOUANDE,ATACORA,12000000
11725,Forage dans le marché,1.2a,Forage simple,Accès à l'eau,p,N,,OTANONGOU,DIPOLI,BOUKOMBE,ATACORA,12000000
10473,Forage équipé d'un système solaire au niveau du marché,1.2a,Forage simple,Accès à l'eau,p,N,,TOUMBOUTOU SANTCHÉ,TOUMBOUTOU,MALANVILLE,ALIBORI,12000000
11720,Réalisation d’un forage multifonctionnel à usage agro-pastoral,1.1,Forage simple,Accès à l'eau,s,P,COSO,OTANONGOU,DIPOLI,BOUKOMBE,ATACORA,46644980
605,Construction d'un château d'eau à usage multiple pour l'alimentation en eau potable,,Forage simple,Accès à l'eau,p,N,,GAN -GBÉROU,TASSO,NIKKI,BORGOU,12000000
614,Construction d'un château d'eau à usage multiple pour l'alimentation en eau potable,,Forage simple,Accès à l'eau,p,N,,KPÉBOURABOU,TASSO,NIKKI,BORGOU,12000000
4157,Construction des forages,1.2a,Forage + abreuvoir,Accès à l'eau,p,N,,TCHINGAYARÉ,SEMERE 1,OUAKE,DONGA,28000000
8771,Réalisation d’un forage multifonctionnel à usage agro-pastoral,1.1,Forage simple,Accès à l'eau,s,FNS,COSO,SOUMON-GAH,TCHATCHOU,TCHAOUROU,BORGOU,41000000
4660,Réalisation d'un forage pour l'alimentation en eau potable,1.1,Forage + abreuvoir,Accès à l'eau,p,N,,BASSILA ABIGUÉDOU,BASSILA,BASSILA,DONGA,28000000
5197,Forage d'un point d'eau positif au profit des communautés peulhs des différents hameaux de bayakou,1.1,Forage + abreuvoir,Accès à l'eau,p,N,,BAYAKOU,PENESSOULOU,BASSILA,DONGA,28000000
13604,Eau potable,1.1,Forage + abreuvoir,Accès à l'eau,p,N,,KOUATIDABIRGOU,KOUANDATA,NATITINGOU,ATACORA,28000000
7744,Installation des pompes et la construction des latrines et douche dans le marché,1.2a,Forage simple,Accès à l'eau,p,N,,OUÉNOU -NIKKI,OUENOU,N’DALI,BORGOU,12000000
13107,Réalisation d’un forage multifonctionnel à usage agro-pastoral,1.1,Forage simple,Accès à l'eau,s,FNS,COSO,NIAROSSON,OROUKAYO,KOUANDE,ATACORA,35500000
5157,Mise en place dun forage d'eau au niveau de marché,1.2a,Forage simple,Accès à l'eau,p,N,,WARGOU,DJOUGOU II,DJOUGOU,DONGA,12000000
3910,Réalisation de 07 forages hydrauliques dans le village,1.1,Forage simple,Accès à l'eau,p,N,,WÈKÈTÈ,KOMDE,OUAKE,DONGA,12000000
14986,Réalisation de 5 forages photovoltaïques dans le quartier,1.1,Forage simple,Accès à l'eau,p,N,,DAMADI,KANDI 1,KANDI,ALIBORI,12000000
7656,Réalisation de 8 pompes à motricité humaine,1.1,Forage simple,Accès à l'eau,p,N,,ANGANKIROU,NIKKI,NIKKI,BORGOU,12000000
11565,Réalisation de forage dans le marché,1.2a,Forage simple,Accès à l'eau,p,N,,GNAMPOLI,KOABAGOU,KEROU,ATACORA,12000000
4377,Réalisation de forage équipé à usage multifonctionnel,1.1,Forage simple,Accès à l'eau,p,N,,MANIGRI OKÉ IGBOÉLÉ,MANIGRI,BASSILA,DONGA,12000000
3375,Réalisation de forage hydraulique d’approvisionnement en eaunpotable dans les hameaux,1.1,Forage simple,Accès à l'eau,p,N,,KADOLASSI,BADJOUDE,OUAKE,DONGA,12000000
3315,Réalisation de forage hydraulique pour l’approvisionnement en eau potable,1.1,Forage simple,Accès à l'eau,p,N,,ALITOKOUM,BADJOUDE,OUAKE,DONGA,12000000
3567,Réalisation de forage photovoltaïque pour les besoins d’eau au marché,1.2a,Forage simple,Accès à l'eau,p,N,,SONAHOLOU,OUAKE,OUAKE,DONGA,12000000
5387,Réalisation de forage pour le groupe de femmes,1.2b,Forage simple,Accès à l'eau,p,N,,ABINTAGA,PARTAGO,DJOUGOU,DONGA,12000000
6501,Amélioration de l’accès à l’eau potable dans la communauté de Guinagourou -Peulh à travers la réalisation d'un point d'e,1.1,Forage simple,Accès à l'eau,s,FNS,COSO,GUINAGOUROU-PEULH,GUINAGOUROU,PERERE,BORGOU,70000000
13043,Réalisation de pompe dans le marché de foo_tancé,1.2a,Forage simple,Accès à l'eau,p,N,,TIKOU,FOO-TANCE,KOUANDE,ATACORA,12000000
12943,RÉALISATION DE POMPE DANS LE MARCHÉ  DE TANCE,1.2a,Forage simple,Accès à l'eau,p,N,,BOROYINDÉ,FOO-TANCE,KOUANDE,ATACORA,12000000
14557,Réalisation d’un forage multifonctionnel à usage agro-pastoral,1.1,Forage simple,Accès à l'eau,s,FNS,COSO,BOHOMDO,BADJOUDE,OUAKE,DONGA,35500000
11460,Réalisation des forages dans le village Bounkossorou et ses hameaux,1.1,Forage simple,Accès à l'eau,p,N,,GUILMARO-BOUNKOSSOROU,GUILMARO,KOUANDE,ATACORA,12000000
11429,Réalisation des forages dans le village de Damouti et ses hameaux,1.1,Forage simple,Accès à l'eau,p,N,,DAMOUTI,GUILMARO,KOUANDE,ATACORA,12000000
11500,Réalisation des forages dans le village de kèdékou et ses hameaux,1.1,Forage simple,Accès à l'eau,p,N,,KÈDÉKOU,GUILMARO,KOUANDE,ATACORA,12000000
11480,Réalisation des forages dans le village de SINAKPAGOUROU et ses hameaux,1.1,Forage simple,Accès à l'eau,p,N,,GUILMARO-SINAKPAGOUROU,GUILMARO,KOUANDE,ATACORA,12000000
3335,Réalisation des forages hydraulique d’approvisionnement en eau potable dans les hameaux,1.1,Forage simple,Accès à l'eau,p,N,,ATCHANKOMOU,BADJOUDE,OUAKE,DONGA,12000000
6922,Réalisation d'une pompe à motricité humaine,1.1,Forage simple,Accès à l'eau,p,N,,SINANIMOIN,GUINAGOUROU,PERERE,BORGOU,12000000
13566,Realisation d'un forage au marché de Tapoga,1.2a,Forage simple,Accès à l'eau,p,N,,ZANNIOURI,TAPOGA,COBLY,ATACORA,12000000
10412,Réalisation d'un forage au niveau du marché,1.2a,Forage simple,Accès à l'eau,p,N,,WOURO-YESSO,MALANVILLE,MALANVILLE,ALIBORI,12000000
4781,Réalisation d'un forage au profit du village de Selrou,1.1,Forage simple,Accès à l'eau,p,N,,SÈLROU,DJOUGOU I,DJOUGOU,DONGA,12000000
11509,Réalisation d'un forage dans le marché de Guilmaro,1.2a,Forage simple,Accès à l'eau,p,N,,KÈDÉKOU,GUILMARO,KOUANDE,ATACORA,12000000
12496,Réalisation d'un forage dans le marché de kouporgou,1.2a,Forage simple,Accès à l'eau,p,N,,KOUTCHA-KOUMAGOU,NATA,BOUKOMBE,ATACORA,12000000
15164,Réalisation d’un forage multifonctionnel à usage agro-pastoral,1.1,Forage + abreuvoir,Accès à l'eau,s,FNS,COSO,OUASSA - KIKA,TOBRE,PEHUNCO,ATACORA,35000000
12386,Réalisation d’un forage dans le marché de salmaga,1.2a,Forage simple,Accès à l'eau,p,N,,TABA,PENESSOULOU,BASSILA,DONGA,12000000
11918,Réalisation d’un forage équipé de pompe avec support en BA et tank pour l’accès à l’eau potable au marché de Boukombé,1.2a,Forage simple,Accès à l'eau,p,N,,KOTOTOUGOU,BOUKOUMBE,BOUKOMBE,ATACORA,12000000
11858,Réalisation d’un forage équipé de pompe avec support en BA et tank pour l’amélioration de l’accès à l’eau potable au marché de Boukombé,1.2a,Forage simple,Accès à l'eau,p,N,,KOUTAGOU,BOUKOUMBE,BOUKOMBE,ATACORA,12000000
11978,Réalisation d’un forage équipé de pompe avec support en BA et tank pour l’amélioration de l’accès à l’eau potable dans le marché de Boukombé,1.2a,Forage simple,Accès à l'eau,p,N,,KOUKOUATCHIENGOU,BOUKOUMBE,BOUKOMBE,ATACORA,12000000
11898,Réalisation d’un forage équipé de pompe avec support en béton armé et tank au marché de Boukombé,1.2a,Forage simple,Accès à l'eau,p,N,,KOUMONTCHIRGOU,BOUKOUMBE,BOUKOMBE,ATACORA,12000000
11878,Réalisation d’un forage équipé de pompe avec support en béton armé et tank dans le marché de Boukombé,1.2a,Forage simple,Accès à l'eau,p,N,,DITCHENDIA,BOUKOUMBE,BOUKOMBE,ATACORA,12000000
11958,Réalisation d’un forage équipé de pompe avec support en béton armé et tank pour l’amélioration de l’accès à l’eau potable dans le marché de Boukombé,1.2a,Forage simple,Accès à l'eau,p,N,,KOUMAGOU,BOUKOUMBE,BOUKOMBE,ATACORA,12000000
10253,Réalisation d'un forage équipé de pompes à motricité humaine dans le marché de Sakawan Zénon,1.2a,Forage simple,Accès à l'eau,p,N,,GOROU-DJINDÉ,TOUMBOUTOU,MALANVILLE,ALIBORI,12000000
3341,Réalisation d’un forage hydraulique dans le marché,1.2a,Forage simple,Accès à l'eau,p,N,,ATCHANKOMOU,BADJOUDE,OUAKE,DONGA,12000000
3811,Réalisation d'un forage pour l’approvisionnement en eau potable,1.1,Forage simple,Accès à l'eau,p,N,,KOUKOULOUNDA,OUAKE,OUAKE,DONGA,12000000
3789,Réalisation d'un forage pour l’approvisionnement en eau potable,1.1,Forage simple,Accès à l'eau,p,N,,KASSUA-ALLAH,OUAKE,OUAKE,DONGA,12000000
3832,Réalisation d'un forage pour l’approvisionnement en eau potable des ménages,1.1,Forage simple,Accès à l'eau,p,N,,KPÉLITÉ,OUAKE,OUAKE,DONGA,12000000
12192,Réalisation d’un forage multifonctionnel à usage agro-pastoral,1.1,Forage simple,Accès à l'eau,s,FNS,COSO,IKOUNGA,BOUKOUMBE,BOUKOMBE,ATACORA,25000000
11874,Réalisation d’un point d’eau à usage multifonctionnel à Dibéteni,1.1,Forage simple,Accès à l'eau,p,N,,DITCHENDIA,BOUKOUMBE,BOUKOMBE,ATACORA,12000000
13023,Réalisation d’un point d’eau dans le marché,1.2a,Forage simple,Accès à l'eau,p,N,,TANCÉ,FOO-TANCE,KOUANDE,ATACORA,12000000
15076,Réalisation d’un point d’eau dans le marché de Tobré,1.2a,Forage simple,Accès à l'eau,p,N,,NINGOUSSOUROU,TOBRE,PEHUNCO,ATACORA,12000000
13897,Réalisation d'un point d'eau multifonctionel,1.1,Forage simple,Accès à l'eau,p,N,,TAKPANTA,KOUSSOUCOINGOU,BOUKOMBE,ATACORA,12000000
13882,Réalisation d'un point d'eau multifonctionel,1.1,Forage simple,Accès à l'eau,p,N,,KOUWETAKOUANGOU,KOUSSOUCOINGOU,BOUKOMBE,ATACORA,12000000
6904,Construction d'un barrage hydro pastoral pour abreuver les animaux,1.1,Forage + abreuvoir,Accès à l'eau,p,N,,NANIN,GUINAGOUROU,PERERE,BORGOU,28000000
15144,Réalisation d’un point d’eau potable,1.1,Forage simple,Accès à l'eau,p,N,,GOUNTIA,TOBRE,PEHUNCO,ATACORA,12000000
13507,Réalisation d'un point d'eau potable dans le marché,1.2a,Forage simple,Accès à l'eau,p,N,,HOLLI DE NODI,NODI,MATERI,ATACORA,12000000
11667,Réalisation d'un point d'eau potable dans le marché,1.2a,Forage simple,Accès à l'eau,p,N,,KPÉRINKPÉ,DIPOLI,BOUKOMBE,ATACORA,12000000
11647,Réalisation d'un point d'eau potable dans le marché de Dikoumini,1.2a,Forage simple,Accès à l'eau,p,N,,DISSAPOLI,DIPOLI,BOUKOMBE,ATACORA,12000000
11627,Réalisation d'un point d'eau potable dans le marché de Dikoumini,1.2a,Forage simple,Accès à l'eau,p,N,,DIMANSOURI,DIPOLI,BOUKOMBE,ATACORA,12000000
11708,Réalisation d'un point d'eau potable dans le marché de Dikoumini,1.2a,Forage simple,Accès à l'eau,p,N,,NATCHÉNTÉ,DIPOLI,BOUKOMBE,ATACORA,12000000
3772,Réalisation d'un point d’eau pour l’approvisionnement en eau potable des ménages,1.1,Forage simple,Accès à l'eau,p,N,,KANTÈ,OUAKE,OUAKE,DONGA,12000000
11953,Réalisation d’un point d’un point d’eau multifonnnel à koutchédougou,1.1,Forage simple,Accès à l'eau,p,N,,KOUMAGOU,BOUKOUMBE,BOUKOMBE,ATACORA,12000000
3732,Réaliser 05 forage hydraulique pour l'approvisionnement des ménages en eau potable,1.1,Forage simple,Accès à l'eau,p,N,,ASSARADÈ,OUAKE,OUAKE,DONGA,12000000
5327,Réaliser un forage pour le groupements de femmes,1.2b,Forage simple,Accès à l'eau,p,N,,KODOWARI,PENESSOULOU,BASSILA,DONGA,12000000
12184,Réalisé un forage dans le marché,1.2a,Forage simple,Accès à l'eau,p,N,,KOUSSETIEGOU,BOUKOUMBE,BOUKOMBE,ATACORA,12000000
12177,Réalisation d’un forage multifonctionnel à usage agro-pastoral,1.1,Forage simple,Accès à l'eau,s,FNS,COSO,KOUSSETIEGOU,BOUKOUMBE,BOUKOMBE,ATACORA,25000000
12103,Réalisation d’un forage multifonctionnel à usage agro-pastoral,1.1,Forage simple,Accès à l'eau,s,FNS,COSO,TIPAOTI,KOUSSOUCOINGOU,BOUKOMBE,ATACORA,43825536
9621,Réhabilitation de pompes à motricité humaine existantes dans le marché de founougo,1.2a,Forage simple,Accès à l'eau,p,N,,KONEY,FOUNOUGO,BANIKOARA,ALIBORI,12000000
12054,Réalisation d’un forage multifonctionnel à usage agro-pastoral,1.1,Forage simple,Accès à l'eau,s,FNS,COSO,DIDOMPÊ,KOUSSOUCOINGOU,BOUKOMBE,ATACORA,43825536
13869,Rehabilitation du forage et extension des points d’eau potable,1.2a,Forage simple,Accès à l'eau,p,N,,KPENTIKOU,TOUKOUNTOUNA,TOUKOUNTOUNA,ATACORA,12000000
13898,Réhabilitation du forage PMH à koukontchigou,1.1,Forage simple,Accès à l'eau,p,N,,TAKPANTA,KOUSSOUCOINGOU,BOUKOMBE,ATACORA,12000000
6521,Réhabilitation d'une pompe à motricité humaine et réalisation d'une pompe à motricité humaine,1.1,Forage simple,Accès à l'eau,p,N,,KABADOU,GUINAGOUROU,PERERE,BORGOU,12000000
9562,"Réhabilitation et construction de hangars, de boutiques, de magasin, bloc de latrines de douches, installation des kits scolaires, construction d'une pompe et installation d'une bouche d'incendie dans le marché de l'arrondissement de Guéné",1.2a,Forage simple,Accès à l'eau,p,N,,GUÉNÉ-ZERMÉ,GUENE,MALANVILLE,ALIBORI,12000000
3438,3-  Construction des forages,1.2b,Forage simple,Accès à l'eau,p,N,,GOUFANROU,BIRNI,KOUANDE,ATACORA,12000000
9733,Réalisation d’un forage multifonctionnel à usage agro-pastoral,1.1,Forage simple,Accès à l'eau,s,FNS,COSO,MOKOLLÉ,GUENE,MALANVILLE,ALIBORI,40000000
6890,Construction d'une pompe dans le marché,1.2a,Forage simple,Accès à l'eau,p,N,,GBANDÉ,GUINAGOUROU,PERERE,BORGOU,12000000
10275,"Renforcement des de deux de femmes productrices de riz et équipements en kits d'AGR ( pompes, tuyaux, appareil de traitement et produits phytosanitaires",1.2b,Forage simple,Accès à l'eau,p,N,,MOLLA,TOUMBOUTOU,MALANVILLE,ALIBORI,12000000
12743,"Rénovation du marché de marché de Taïfa (Construction de boutiques, de magasins, latrines à 4 cabines, forage avec château sur support métallique + système de pompage photovoltaïque + bornes fontaines et local technique et lampadaires",1.2a,Forage simple,Accès à l'eau,p,N,,ZONGO DE DJOUGOU1,DJOUGOU I,DJOUGOU,DONGA,12000000
12703,"Rénovation du marché de marché de Taïfa (Construction de boutiques, de magasins, latrines à 4 cabines, forage avec château sur support métallique + système de pompage photovoltaïque + bornes fontaines et local technique et lampadaires",1.2a,Forage simple,Accès à l'eau,p,N,,MADINA DE DJOUGOU1,DJOUGOU I,DJOUGOU,DONGA,12000000
12723,"Rénovation du marché de marché de Taïfa (Construction de boutiques, de magasins, latrines à 4 cabines, forage avec château sur support métallique + système de pompage photovoltaïque + bornes fontaines et local technique et lampadaires)",1.2a,Forage simple,Accès à l'eau,p,N,,PÉTONI-POHO-GOROBANI,DJOUGOU I,DJOUGOU,DONGA,12000000
15204,Réalisation d’un forage multifonctionnel à usage agro-pastoral,1.1,Forage + abreuvoir,Accès à l'eau,s,P,COSO,AKARADÈ,ALEDJO,BASSILA,DONGA,40000000
8290,3)   Construction d’un point d’eau agropastorale multi-usage,1.1,Forage simple,Accès à l'eau,p,N,,BOUCA-GANDO,BOUCA,KALALE,BORGOU,12000000
14608,Réalisation de forage,1.2a,Forage simple,Accès à l'eau,p,N,,MODOGUI,MANIGRI,BASSILA,DONGA,12000000
8328,Réalisation d’un forage multifonctionnel à usage agro-pastoral,1.1,Forage simple,Accès à l'eau,s,P,COSO,KARÈL,BOUCA,KALALE,BORGOU,40000000
15213,Réalisation d’un forage multifonctionnel à usage agro-pastoral,1.1,Forage + abreuvoir,Accès à l'eau,s,P,COSO,GOSSODJI,PEONGA,KALALE,BORGOU,42000000
9240,1) Amélioration des conditions de production  à travers l'acquisition de motopompes pour la culture contre saison profit deq riziculteurs de Banizoumbou,1.2b,Forage simple,Accès à l'eau,p,N,,BANIZOUMBOU,KOMPA,KARIMAMA,ALIBORI,12000000
9280,1) Amélioration des conditions de production de riz à travers l'acquistion de Motopompes au profit des producteurs de riz de Dangazori,1.2b,Forage simple,Accès à l'eau,p,N,,DANGAZORI,KOMPA,KARIMAMA,ALIBORI,12000000
13147,Réalisation d’un forage multifonctionnel à usage agro-pastoral,1.1,Forage simple,Accès à l'eau,s,P,COSO,NIARISSINRA,OROUKAYO,KOUANDE,ATACORA,35500000
9325,Réalisation d’un forage multifonctionnel à usage agro-pastoral,1.1,Forage simple,Accès à l'eau,s,P,COSO,GUÉNÉ-GUIDIGO,GUENE,MALANVILLE,ALIBORI,40000000
8288,1)  Création d’une retenue d’eau agro-pastoral,1.1,Forage + abreuvoir,Accès à l'eau,p,N,,BOUCA-GANDO,BOUCA,KALALE,BORGOU,28000000
7335,1- Réalisation de deux forages photovoltaïques  Équipements et/ou acquisitions diverses,1.2a,Forage simple,Accès à l'eau,p,N,,WOBADJÈ,KALALE,KALALE,BORGOU,12000000
8308,Réalisation d’un forage multifonctionnel à usage agro-pastoral,1.1,Forage simple,Accès à l'eau,s,P,COSO,BOUCA-PEULH,BOUCA,KALALE,BORGOU,40000000
11285,Réalisation d’un forage multifonctionnel à usage agro-pastoral,1.1,Forage simple,Accès à l'eau,s,FNS,COSO,SAYAKROU – GAH,GNEMASSON,PEHUNCO,ATACORA,58000000
15223,"Réalisation d' ouvrages d'eau à usages multiples pour abreuvement, maraîchage et usage domestique  munis de châteaux avec panneaux solaires + Equipements et/ou acquisitions diverses",1.1,Forage + abreuvoir,Accès à l'eau,s,C,COSO,GBÉÏ,PEONGA,KALALE,BORGOU,42000000
15230,"Amélioration d'accès à l'eau potable pour usage multiple (homme et bétail) par la réalisation d'un Poste d'eau Autonome (PEA) équipé de dispositif photovoltaïque, de chateaux, de bornes fontaines et d'abreuvoirs au profit de Aoro Nagot",1.1,Forage + abreuvoir,Accès à l'eau,s,C,COSO,AORO-NAGO,BASSILA,BASSILA,DONGA,35500000
15242,Réalisation d'un point d’eau multifonctionnel à usage agropastoral avec ouvrages de prise et système solaire d'exploitation,1.1,Forage + abreuvoir,Accès à l'eau,s,C,COSO,BOUNTA,COTIAKOU,TANGUIETA,ATACORA,43000000
15245,Réalisation d’un point d’eau à usage agropastorale avec ouvrages de prise et système solaire d'exploitation,1.1,Forage + abreuvoir,Accès à l'eau,s,C,COSO,DAGUIMAGNINNI,COTIAKOU,TANGUIETA,ATACORA,43000000
15246,Réalisation d'un point d’eau multifonctionnel à usage agropastoral avec ouvrages de prise et système solaire d'exploitation,1.1,Forage + abreuvoir,Accès à l'eau,s,C,COSO,KOUNADOGOU,BOUKOUMBE,BOUKOMBE,ATACORA,25000000
3471,5-  Installer les forages agropastoraux,1.1,Forage + abreuvoir,Accès à l'eau,p,N,,BISSÉTOUGOU,BADJOUDE,OUAKE,DONGA,28000000
3503,5- réaliser une retenue d'eau et un aùénagementhdroagricol pour lancer les activités de contre saison et fournir de l'eau au bétail5- réaliser une retenue d'eau et un aùénagementhdroagricol pour lancer les activités de contre saison et fournir de l'eau au bétail,1.1,Forage + abreuvoir,Accès à l'eau,p,N,,KAKPALA,BADJOUDE,OUAKE,DONGA,28000000
10078,4- Acquisition des motopompes au profit des femmes et des jeunes pour l’agriculture,1.2b,Forage simple,Accès à l'eau,p,N,,GAROU-BÉRI,GAROU,MALANVILLE,ALIBORI,12000000
13151,Réalisation d’un forage multifonctionnel à usage agro-pastoral,1.1,Forage simple,Accès à l'eau,s,FNS,COSO,NIARO-GNINON,OROUKAYO,KOUANDE,ATACORA,35500000
13155,Réalisation d’un forage multifonctionnel à usage agro-pastoral,1.1,Forage simple,Accès à l'eau,s,FNS,COSO,POUPOURÉ,OROUKAYO,KOUANDE,ATACORA,35500000
4371,"Achats de moto pompe, bottes, gants, arrosoirs et installation de forage au profit du groupement pour le maraîchage",1.2b,Forage simple,Accès à l'eau,p,N,,ATCHAKITAM,SEMERE 1,OUAKE,DONGA,12000000
10296,Acquisition de moto pompe plus mini forage au profit des riziculteurs,1.2b,Forage simple,Accès à l'eau,p,N,,BODJÉCALI,MALANVILLE,MALANVILLE,ALIBORI,12000000
3652,Construction de forage pastorale,1.1,Forage + abreuvoir,Accès à l'eau,p,N,,AKOUSSITÈ,KOMDE,OUAKE,DONGA,28000000
3673,Construction de forage pastorale,1.1,Forage + abreuvoir,Accès à l'eau,p,N,,YAMSALÉ,KOMDE,OUAKE,DONGA,28000000
3677,Construction de forage,1.2a,Forage + abreuvoir,Accès à l'eau,p,N,,YAMSALÉ,KOMDE,OUAKE,DONGA,28000000
3692,Construction d'un forage photopholtaique à Komde et à kamoulè,1.1,Forage simple,Accès à l'eau,p,N,,KOMDÈ,KOMDE,OUAKE,DONGA,12000000
9260,"Amélioration des conditions de production du riz à travers l'acquisitions de Motopompes au profit de la coopérative des riziculteurs  de Goungoun-Béri avec un effectif de 55 persones dont 35 hommes, 20 femmes et 22 jeunes",1.2b,Forage simple,Accès à l'eau,s,C,COSO,GOUNGOU-BÉRI,KOMPA,KARIMAMA,ALIBORI,4085000
3712,Construction de forage pastorale,1.1,Forage + abreuvoir,Accès à l'eau,p,N,,ADJÊDÈ,KOMDE,OUAKE,DONGA,28000000
3890,Réalisation de forages hydrauliques pour l'approvisionnement en eau potable,1.1,Forage simple,Accès à l'eau,p,N,,ASSODÈ,KOMDE,OUAKE,DONGA,12000000
15268,"Réalisation d' ouvrages d'eau à usage multiples pour abreuvement, maraîchage et usage domestique  munis de châteaux avec panneaux solaires + Equipements et/ou acquisitions diverses à Gnel-yakan",1.1,Forage + abreuvoir,Accès à l'eau,s,C,COSO,GNEL-YAKAN,PEONGA,KALALE,BORGOU,42000000
3891,Construction d'un forage pastoral,1.1,Forage + abreuvoir,Accès à l'eau,p,N,,ASSODÈ,KOMDE,OUAKE,DONGA,28000000
8907,Acquisition des motopompe au profit des riziculteurs,1.2b,Forage simple,Accès à l'eau,p,N,,BIRNI LAFIA,BIRNI LAFIA,KARIMAMA,ALIBORI,12000000
4290,"Amélioration d'accès à l'eau potable pour usage multiple (homme et bétail) par la réalisation d'un Poste d'eau Autonome (PEA) équipé de dispositif photovoltaïque, de chateaux, de bornes fontaines et d'abreuvoirs au profit de la communauté de Baparapéï",1.1,Forage + abreuvoir,Accès à l'eau,s,C,COSO,BAPARAPÉÏ,SEMERE 1,OUAKE,DONGA,38000000
8925,Acquisition et mise en place des motopompes et de semences améliorées de riz au profil des producteurs de riz de Tondoobon,1.2b,Forage simple,Accès à l'eau,p,N,,TONDOOBON,BIRNI LAFIA,KARIMAMA,ALIBORI,12000000
4451,Amélioration d’accès à l’eau potable à travers la réalisation de forage d’eau potable,1.1,Forage simple,Accès à l'eau,p,N,,TÈKÈ-TÉROU,MANIGRI,BASSILA,DONGA,12000000
9945,"Réalisation d'ouvrages d'eau à usage multiple pour l'abreuvage du bétail et la production des cultures maraîchères de contre saison dans la localité de Kassa (Sendé, Kassa, Koaratédji, Mélayakoara, Gorou-Soundougou)",1.1,Forage + abreuvoir,Accès à l'eau,s,C,COSO,KASSA,MADECALI,MALANVILLE,ALIBORI,40000000
4173,"Amélioration de l'accès à l'eau par les agriculteurs et éleveurs à travers l'aménagement d'une retenue d'eau, d'un couloir de passage des boeufs et d'une aire de pâturage pour réduire les conflits agriculteurs et éleveurs autour de la gestion de l'eau et du pâturage",1.1,Forage + abreuvoir,Accès à l'eau,p,N,,AGUÉOU-GARBA,SEMERE 2,OUAKE,DONGA,28000000
4250,"Amélioration de l'accès à l'eau par les agriculteurs et éleveurs à travers l'aménagement d'une retenue d'eau, d'un couloir de passage des boeufs et d'une aire de pâturage pour réduire les conflits agriculteurs et éleveurs autour de la gestion de l'eau et du pâturage",1.1,Forage + abreuvoir,Accès à l'eau,p,N,,KAKPÉSSIA,SEMERE 2,OUAKE,DONGA,28000000
4009,Amélioration de l’accès à l’eau par les agriculteurs et éleveurs de N’djakada à travers l’aménagement d’une retenue d’eau la délimitation d’un couloir de passage des bœufs et d’une aire de pâturage pour réduire les conflits agriculteurs et éleveurs autour de la gestion de point d’eau et du pâturage,1.1,Forage simple,Accès à l'eau,p,N,,N’DJAKADA,SEMERE 2,OUAKE,DONGA,12000000
3952,"Amélioration de l’accès à l’eau par les agriculteurs et éleveurs de Troucarré à travers l’aménagement d’une retenue d’eau, la délimitation d’un couloir de passage des bœufs et d’une aire de pâturage pour réduire les conflits agriculteurs et éleveurs de la gestion de point d’eau et du pâturage",1.1,Forage simple,Accès à l'eau,p,N,,TROUCARÉ-BAS,SEMERE 2,OUAKE,DONGA,12000000
3294,"Amélioration de l’accès à l’eau par les maraîchers, agriculteurs et éleveurs de Madjatom à travers l’aménagement d’une retenue d’eau sur la rivière ALONTRO,la délimitation d’un couloir de passage des bœuf et d’une aire de pâturage pour réduire les conflits agriculteurs et éleveurs autour de la gestion de point d’eau",1.1,Forage simple,Accès à l'eau,p,N,,MADJATOM,TCHALINGA,OUAKE,DONGA,12000000
3254,"Amélioration de l’accès à l’eau par les maraîchers, agriculteurs et éleveurs de Tchalinga à travers l’amd’une retenue d’eau sur la rivière GNARIN POHA,la délimitation d’un couloir de passage des bœuf et d’une aire de pâturage pour réduire les conflits agriculteurs et éleveurs autour de la gestion de point d’eau",1.1,Forage simple,Accès à l'eau,p,N,,TCHALINGA,TCHALINGA,OUAKE,DONGA,12000000
4920,Amélioration de l’accès à l’eau potable,1.1,Forage simple,Accès à l'eau,p,N,,TIMTIM-BONGO,DJOUGOU II,DJOUGOU,DONGA,12000000
4974,Amélioration de l’accès à l’eau potable au profit de la communauté,1.1,Forage simple,Accès à l'eau,p,N,,KPATOUHOU,DJOUGOU II,DJOUGOU,DONGA,12000000
12447,Amélioration de l'accès à l'eau potable dans le marché,1.2a,Forage simple,Accès à l'eau,p,N,,OULI,PENESSOULOU,BASSILA,DONGA,12000000
4049,Amélioration de l’accès à l’eau potable par les agriculteurs et éleveurs de Itchèlli à travers l’aménagement d’une retenue d’eau la délimitation d’un couloir de passage des bœufs et d’une aire de pâturage pour réduire les conflits agriculteurs et éleveurs autour de la gestion de l'eau et du pâturage,1.1,Forage simple,Accès à l'eau,p,N,,ITCHÈLLI,SEMERE 2,OUAKE,DONGA,12000000
4860,Réalisation d’un forage multifonctionnel à usage agro-pastoral,1.1,Forage + abreuvoir,Accès à l'eau,s,FNS,COSO,GUIGUISSO,BASSILA,BASSILA,DONGA,35500000
4821,Réalisation d’un forage multifonctionnel à usage agro-pastoral,1.1,Forage + abreuvoir,Accès à l'eau,s,P,COSO,APPI,BASSILA,BASSILA,DONGA,35500000
3969,Réalisation d’un forage multifonctionnel à usage agro-pastoral,1.1,Forage simple,Accès à l'eau,s,P,COSO,GBAOU,SEMERE 2,OUAKE,DONGA,45550000
4841,Construction de dix forage dans le camp peuhl,1.1,Forage + abreuvoir,Accès à l'eau,p,N,,DOGUÈ,BASSILA,BASSILA,DONGA,28000000
3274,"Amélioration de l’accès à l’eau pour le maraîchage, agriculteurs et éleveurs de Kawado à travers l’aménagement d’une retenue d’eau sur la rivière LORI ,la délimitation d’un couloir de passage des bœuf et d’une aire de pâturage pour réduire les conflits agriculteurs et éleveurs autour de la gestion de point d’eau",1.1,Forage simple,Accès à l'eau,p,N,,KAWADO,TCHALINGA,OUAKE,DONGA,12000000
9310,"Réalisation des ouvrages d'eau à usage multiple pour abreuvement, maraîchage et usage domestique dans la localité de Lakaly-Kaney",1.1,Forage simple,Accès à l'eau,s,C,COSO,LAKALI-KANEY,GUENE,MALANVILLE,ALIBORI,40000000
3756,Construction d’un point d’eau dans le marché,1.2a,Forage simple,Accès à l'eau,p,N,,AWANLA,OUAKE,OUAKE,DONGA,12000000
3797,Construction d’un point d’eau potable dans le marché,1.2a,Forage simple,Accès à l'eau,p,N,,KASSUA-ALLAH,OUAKE,OUAKE,DONGA,12000000
6029,Réalisation de forage,1.1,Forage simple,Accès à l'eau,p,N,,KPÉBÉRA,GOMIA,BEMBEREKE,BORGOU,12000000
13090,Réalisation d’un forage multifonctionnel à usage agro-pastoral,1.1,Forage + abreuvoir,Accès à l'eau,s,P,COSO,MARÉ OROU GAH,TOBRE,PEHUNCO,ATACORA,35000000
5668,Amélioration des activités agro-pastorale à Gouré Baba à travers l'étude et l'aménagement d'une retenue d'eau de grande capacité à Gassassi,1.1,Forage + abreuvoir,Accès à l'eau,p,N,,GOURE BABA,OUENOU,N’DALI,BORGOU,28000000
5651,Amélioration des activités agro-pastorale à travers le dessablage du barrage de Sansi,1.1,Forage + abreuvoir,Accès à l'eau,p,N,,GNELSANDA,OUENOU,N’DALI,BORGOU,28000000
5610,Réalisation d’un forage multifonctionnel à usage agro-pastoral,1.1,Forage + abreuvoir,Accès à l'eau,s,P,COSO,ALAFIAROU DE OUENOU,OUENOU,N’DALI,BORGOU,48000000
6229,Réalisation d’un forage multifonctionnel à usage agro-pastoral,1.1,Forage + abreuvoir,Accès à l'eau,s,P,COSO,GNINSY,GNINSY,PERERE,BORGOU,37000000
5681,Réalisation d’un forage multifonctionnel à usage agro-pastoral,1.1,Forage + abreuvoir,Accès à l'eau,s,FNS,COSO,TCHICANDOU,OUENOU,N’DALI,BORGOU,48000000
5662,Réalisation d'ouvrages de fourniture d'eau à usage  multiple dans la localité de Gotel,1.1,Forage + abreuvoir,Accès à l'eau,s,C,COSO,GOTEL,OUENOU,N’DALI,BORGOU,48000000
8992,Amélioration des conditions d'approvisionnement en eau potable à la Construction des bonnes de fontaines.,1.2a,Forage simple,Accès à l'eau,p,N,,KARIMAMA-BATOUMA-BÉRI,KARIMAMA,KARIMAMA,ALIBORI,12000000
6369,Réalisation des forages dans la localité de Nassy-Gando,1.1,Forage + abreuvoir,Accès à l'eau,p,N,,NASSY-GANDO,GUINAGOUROU,PERERE,BORGOU,28000000
11854,Réalisation d’un forage multifonctionnel à usage agro-pastoral,1.1,Forage simple,Accès à l'eau,s,P,COSO,KOUTAGOU,BOUKOUMBE,BOUKOMBE,ATACORA,25000000
11913,Aménagement de la retenue d’eau de Koukotougou et réalisation d’un forage d’alimentation,1.1,Forage simple,Accès à l'eau,p,N,,KOTOTOUGOU,BOUKOUMBE,BOUKOMBE,ATACORA,12000000
13538,Amélioration de l’accès à l’eau potable (Forage équipé de dispositif solaire plus château d'eau et bornes fontaines),1.1,Forage + abreuvoir,Accès à l'eau,s,FNS,COSO,TAPOGA,TAPOGA,COBLY,ATACORA,45000000
13581,Réalisation d’un forage multifonctionnel à usage agro-pastoral,1.1,Forage + abreuvoir,Accès à l'eau,s,FNS,COSO,PENTINGA,TAPOGA,COBLY,ATACORA,45000000
14925,Aménagement du barrage agro-pastorale,1.1,Forage + abreuvoir,Accès à l'eau,p,N,,GUIDANDOLÉ,NIKKI,NIKKI,BORGOU,28000000
7895,Aménagement du barrage en barrage agro-pastorale,1.1,Forage + abreuvoir,Accès à l'eau,p,N,,KOUSSOUKOU,NIKKI,NIKKI,BORGOU,28000000
5149,"Réalisation d'un point d’eau multifonctionnel à usage agropastoral avec ouvrages de prise et système solaire d'exploitation au niveau de EPP Moudos Tchori, Guemerida, Sidi Kpara et Atchete Te",1.1,Forage + abreuvoir,Accès à l'eau,s,C,COSO,WARGOU,DJOUGOU II,DJOUGOU,DONGA,62500000
6722,Aménagement d'un barrage hydro pastoral,1.1,Forage + abreuvoir,Accès à l'eau,p,N,,BANIGOUROU,GUINAGOUROU,PERERE,BORGOU,28000000
6701,Aménagement d'un barrage hydro pastoral,1.1,Forage + abreuvoir,Accès à l'eau,p,N,,KPAWOLOU,GUINAGOUROU,PERERE,BORGOU,28000000
9574,Aménagement d'une aire de pâturage pour les bovins et les caprins à travers la production de plantes fourragères et construction d'un forage agro-pastorale sur l'aire aménagée,1.1,Forage + abreuvoir,Accès à l'eau,p,N,,ISSÉNÉ,GUENE,MALANVILLE,ALIBORI,28000000
13884,Aménagement d'une retenue d'eau par surcreusement pour abreuvage des animaux et le maraîchage,1.1,Forage + abreuvoir,Accès à l'eau,p,N,,KOUWETAKOUANGOU,KOUSSOUCOINGOU,BOUKOMBE,ATACORA,28000000
13912,Réalisation d’un forage multifonctionnel à usage agro-pastoral,1.1,Forage + abreuvoir,Accès à l'eau,s,P,COSO,TCHAPÉTA,KOUSSOUCOINGOU,BOUKOMBE,ATACORA,43825536
13754,Forage,1.1,Forage + abreuvoir,Accès à l'eau,p,N,,TAKONTA,TCHOUMI-TCHOUMI,NATITINGOU,ATACORA,28000000
3234,"Aménagement d’une retenue d’eau  sur la rivière Lahou, la délimitation d’un couloir de passage de bœuf et d’une aire de pâturage pour réduire les conflits agriculteurs et éleveurs autour de gestion de point d’eau",1.1,Forage simple,Accès à l'eau,p,N,,LANDA,TCHALINGA,OUAKE,DONGA,12000000
11662,Réalisation d’un forage multifonctionnel à usage agro-pastoral,1.1,Forage + abreuvoir,Accès à l'eau,s,P,COSO,KPÉRINKPÉ,DIPOLI,BOUKOMBE,ATACORA,46644980
7361,Réalisation d’un forage multifonctionnel à usage agro-pastoral,1.1,Forage + abreuvoir,Accès à l'eau,s,P,COSO,BAGARIA,PEONGA,KALALE,BORGOU,40000000
7381,"Réalisation d' ouvrages d'eau multifonctionnels pour abreuvement, maraîchage et usage domestique  munis de châteaux avec panneaux solaires + Equipements et/ou acquisitions diverses",1.1,Forage + abreuvoir,Accès à l'eau,s,C,COSO,GANDO-BAKA,PEONGA,KALALE,BORGOU,40000000
11622,Réalisation d’un forage multifonctionnel à usage agro-pastoral,1.1,Forage + abreuvoir,Accès à l'eau,s,FNS,COSO,DIMANSOURI,DIPOLI,BOUKOMBE,ATACORA,46644980
13777,Construction de forage,1.2a,Forage + abreuvoir,Accès à l'eau,p,N,,COTIAKOU,COTIAKOU,TANGUIETA,ATACORA,28000000
10566,Réalisation d’un forage multifonctionnel à usage agro-pastoral,1.1,Forage + abreuvoir,Accès à l'eau,s,FNS,COSO,KALÉ,WARA,GOGOUNOU,ALIBORI,42901650
11198,éalisation de forages  Nan'kininrou et Ganrou,1.1,Forage simple,Accès à l'eau,p,N,,SOMPARÉROU-GAH,PEHUNCO,PEHUNCO,ATACORA,12000000
11462,Construction de la clôture de l'hôpital de Guilmaro plus forages,1.1,Forage simple,Accès à l'eau,p,N,,GUILMARO-BOUNKOSSOROU,GUILMARO,KOUANDE,ATACORA,12000000
8249,Augmentation des forages et réparation des pompes gâter,1.1,Forage simple,Accès à l'eau,p,N,,TOTOROU,NIKKI,NIKKI,BORGOU,12000000
3594,Réalisation d’un forage multifonctionnel à usage agro-pastoral,1.1,Forage + abreuvoir,Accès à l'eau,s,FNS,COSO,WAKITÈ,OUAKE,OUAKE,DONGA,35000000
5865,Construction de deux forages photovoltaïque au marché de Dunkassa,1.2a,Forage simple,Accès à l'eau,p,N,,DJILIDJALARÉ,DUNKASSA,KALALE,BORGOU,12000000
3615,Construction de forage agropastoral,1.1,Forage + abreuvoir,Accès à l'eau,p,N,,ALAYOMDÈ,OUAKE,OUAKE,DONGA,28000000
3558,Construction de forage agropastoral,1.1,Forage + abreuvoir,Accès à l'eau,p,N,,SONAHOLOU,OUAKE,OUAKE,DONGA,28000000
9394,Construction de forage agro pastorale dans les camps peulhs,1.1,Forage + abreuvoir,Accès à l'eau,p,N,,BANITÈ-KOUBÉRI,GUENE,MALANVILLE,ALIBORI,28000000
3641,Construction de forage photovoltaïque,1.2a,Forage simple,Accès à l'eau,p,N,,TCHALADÈ,OUAKE,OUAKE,DONGA,12000000
9351,Réalisation d'un forage à usage multiples dans le village,1.1,Forage + abreuvoir,Accès à l'eau,p,N,,SOUNBEY-GOROU,GUENE,MALANVILLE,ALIBORI,28000000
9373,Réalisation d'un parc de contention avec forage équipé d'abreuvoir,1.1,Forage + abreuvoir,Accès à l'eau,p,N,,BANITÈ-FÈRÈ KIRÈ,GUENE,MALANVILLE,ALIBORI,28000000
14511,1-Amélioration de l'accès à l'eau potable à Travers la réalisation de trois (3) forages photovoltaïques,1.1,Forage simple,Accès à l'eau,p,N,,TOUROU-PALAIS-ROYAL,1ER  ARRONDISSEMENT,PARAKOU,BORGOU,12000000
9495,Construction d'un forage pastoral dans les hameaux de igrigou,1.1,Forage + abreuvoir,Accès à l'eau,p,N,,IGRIGOU,FOUNOUGO,BANIKOARA,ALIBORI,28000000
9849,Réaliser des forages pastoraux,1.1,Forage + abreuvoir,Accès à l'eau,p,N,,MÉKROU,SOROKO,BANIKOARA,ALIBORI,28000000
9887,3- Amélioration du niveau de productivité à travers la réalisation d’un (01) forage équipé de dispositif solaire et système d'abreuvement,1.1,Forage + abreuvoir,Accès à l'eau,p,N,,MADÉCALI-ZONGO,MADECALI,MALANVILLE,ALIBORI,28000000
9905,"Réalisation des ouvrages d'eau à usage multiple pour l'abreuvement, le maraîchage et autre usage domestique au Camp Peuhl de Lougourou",1.1,Forage simple,Accès à l'eau,s,C,COSO,ILLOUA,MADECALI,MALANVILLE,ALIBORI,40000000
5575,Forage muni de château au marché de Basso,1.2a,Forage simple,Accès à l'eau,p,N,,NÉGANZI-PEULH,BASSO,KALALE,BORGOU,12000000
10369,Accès à l'eau potable,1.1,Forage simple,Accès à l'eau,p,N,,KOTCHI,MALANVILLE,MALANVILLE,ALIBORI,12000000
10106,Amélioration de l'accès à l'eau potable à travers la réalisation d'un forage à usage multiple,1.1,Forage + abreuvoir,Accès à l'eau,p,N,,WOLLO-CHÂTEAU,MALANVILLE,MALANVILLE,ALIBORI,28000000
10068,Réalisation d’un forage équipé de kit PEA,1.1,Forage + abreuvoir,Accès à l'eau,s,FNS,COSO,GAROU-BÉRI,GAROU,MALANVILLE,ALIBORI,49000000
618,Construction d'un château d'eau à usage multiple pour l'alimentation en eau potable,,Forage simple,Accès à l'eau,p,N,,TASSO,TASSO,NIKKI,BORGOU,12000000
2198,"Construire les forages pour améliorer l'accès à l'eau potable à tous les ménages, aménagement des rues d'accès aux ménages, construction de magasin de stockage, électrification publique, construction de latrines publiques",,Forage simple,Accès à l'eau,p,N,,BAPARAPÉÏ,SEMERE 1,OUAKE,DONGA,12000000
14472,1-Amélioration de l'accès à l'eau potable à Travers la réalisation de quatre (4) forages photovoltaïques,1.1,Forage simple,Accès à l'eau,p,N,,BOSSO-CAMPS-PEULHS,1ER  ARRONDISSEMENT,PARAKOU,BORGOU,12000000
11548,"Construction des hangars,  latrines publiques , forage équipé de photovoltaïque et lampadaire solaire et magasin au profit du marché de Guilmaro",1.2a,Forage simple,Accès à l'eau,p,N,,SÉRI,GUILMARO,KOUANDE,ATACORA,12000000
4789,Construction des latrines publiques et d'un forage au sein du marché de Taïfa,1.2a,Forage simple,Accès à l'eau,p,N,,SÈLROU,DJOUGOU I,DJOUGOU,DONGA,12000000
4330,Construction des forages en tenant compte des camps peulhs,1.1,Forage simple,Accès à l'eau,p,N,,GNALO,SEMERE 1,OUAKE,DONGA,12000000
10326,Réalisation d'un forage à usage multiple au profit de la communauté,1.1,Forage + abreuvoir,Accès à l'eau,p,N,,TASSI-TÉDJI-BOULANGA,MALANVILLE,MALANVILLE,ALIBORI,28000000
10345,Réalisation de forage plus abreuvoirs au profit des éleveurs,1.1,Forage + abreuvoir,Accès à l'eau,p,N,,TASSI-ZÉNON,MALANVILLE,MALANVILLE,ALIBORI,28000000
2302,Réalisation de forage,,Forage simple,Accès à l'eau,p,N,,BELLÈ,NIKKI,NIKKI,BORGOU,12000000
3714,Construction d'un Barrage agro- pastorale,1.1,Forage + abreuvoir,Accès à l'eau,p,N,,ADJÊDÈ,KOMDE,OUAKE,DONGA,28000000
8634,Construction d'un barrage Agro-pastoralisme à sakanakpeba,1.1,Forage + abreuvoir,Accès à l'eau,p,N,,SAKANA- KPÉBA,TCHATCHOU,TCHAOUROU,BORGOU,28000000
7658,Construction d'un barrage Agro pastorale,1.1,Forage + abreuvoir,Accès à l'eau,p,N,,ANGANKIROU,NIKKI,NIKKI,BORGOU,28000000
11082,Construction d'un barrage d'abreuvage des animaux vers la voie de guénélaga,1.1,Forage + abreuvoir,Accès à l'eau,p,N,,GANDOLOUKASSA,LOUGOU,SEGBANA,ALIBORI,28000000
6391,Construction d'un barrage  hydro pastoral,1.1,Forage + abreuvoir,Accès à l'eau,p,N,,WONDOU,GUINAGOUROU,PERERE,BORGOU,28000000
6329,Construction d'un barrage hydro pastoral,1.1,Forage + abreuvoir,Accès à l'eau,p,N,,GOMMEY,GUINAGOUROU,PERERE,BORGOU,28000000
6370,Construction d'un barrage hydro pastoral dans la localité de Nassy-Gando,1.1,Forage + abreuvoir,Accès à l'eau,p,N,,NASSY-GANDO,GUINAGOUROU,PERERE,BORGOU,28000000
4677,Construction d'un barrage pour abreuver les animaux,1.1,Forage + abreuvoir,Accès à l'eau,p,N,,IGBOMAKRO,BASSILA,BASSILA,DONGA,28000000
4658,Construction d'un barrage pour abreuver les animaux et le maraîchage,1.1,Forage + abreuvoir,Accès à l'eau,p,N,,BASSILA ABIGUÉDOU,BASSILA,BASSILA,DONGA,28000000
4742,"Construction d'un bâtiment de 2 classes plus bureau,  magasins, forage, clôture, cantine scolaire et équipements au profit de l’école maternelle de Gah",1.1,Forage simple,Accès à l'eau,p,N,,GAH,DJOUGOU I,DJOUGOU,DONGA,12000000
3829,Réalisation d'un point d’eau multifonctionnel à usage agropastoral avec ouvrages de prise et système solaire d'exploitation au profit de la communauté de Kpélité,1.1,Forage + abreuvoir,Accès à l'eau,s,C,COSO,KPÉLITÉ,OUAKE,OUAKE,DONGA,35000000
11994,Amélioration de l'accès à l'eau potable,1.1,Forage simple,Accès à l'eau,p,N,,TADOWONTA,KORONTIERE,BOUKOMBE,ATACORA,12000000
5334,Réalisation d’un forage multifonctionnel à usage agro-pastoral,1.1,Forage simple,Accès à l'eau,s,FNS,COSO,MONMONGOU,PARTAGO,DJOUGOU,DONGA,43700000
9637,Construction d'un forage Agro pastoral,1.1,Forage + abreuvoir,Accès à l'eau,p,N,,POGOUSSOROU,FOUNOUGO,BANIKOARA,ALIBORI,28000000
9359,Construction d'un forage Agro pastoral dans le marché à bétail de Guéné,1.2a,Forage + abreuvoir,Accès à l'eau,p,N,,SOUNBEY-GOROU,GUENE,MALANVILLE,ALIBORI,28000000
9443,Construction d'un forage agro-pastorale,1.1,Forage + abreuvoir,Accès à l'eau,p,N,,IBOTO,FOUNOUGO,BANIKOARA,ALIBORI,28000000
9655,Aménagement de couloirs pastoraux et d’aires de pâturage,1.1,Forage + abreuvoir,Accès à l'eau,s,FNS,COSO,YANGUÉRI,FOUNOUGO,BANIKOARA,ALIBORI,31800000
9463,Construction d'un forage agro-pastorale,1.1,Forage + abreuvoir,Accès à l'eau,p,N,,KPAKO-GBABI,FOUNOUGO,BANIKOARA,ALIBORI,28000000
9601,Construction d'un forage agro-pastorale,1.2a,Forage + abreuvoir,Accès à l'eau,p,N,,BOÏFFO,GUENE,MALANVILLE,ALIBORI,28000000
9477,Construction d'un forage agro-pastorale,1.1,Forage + abreuvoir,Accès à l'eau,p,N,,SISSIANGANROU,FOUNOUGO,BANIKOARA,ALIBORI,28000000
14176,Réalisation d’un forage multifonctionnel à usage agro-pastoral,1.1,Forage + abreuvoir,Accès à l'eau,s,FNS,COSO,BESSASSI-BOUCA,BOUCA,KALALE,BORGOU,40000000
14278,Réalisation d’un forage multifonctionnel à usage agro-pastoral,1.1,Forage + abreuvoir,Accès à l'eau,s,FNS,COSO,GNEL-BOUCATOU,BOUCA,KALALE,BORGOU,40000000
9561,"Construction d'un forage agro-pastorale, de hangar, réhabilitation de la clôture et reboisement du marché à bétail de l'arrondissement de Guéné",1.2a,Forage + abreuvoir,Accès à l'eau,p,N,,GUÉNÉ-ZERMÉ,GUENE,MALANVILLE,ALIBORI,28000000
9540,Construction d'un forage agro-pastorale et réhabilitation du quai d'embarquement et de débarquement dans le marché à bétail de Guéné,1.2a,Forage + abreuvoir,Accès à l'eau,p,N,,TONDI-BANDA,GUENE,MALANVILLE,ALIBORI,28000000
5688,Réalisation de deux forages photovoltaïques +Équipements et acquisitions diverses,1.1,Forage + abreuvoir,Accès à l'eau,p,N,,BATIN,DUNKASSA,KALALE,BORGOU,28000000
6171,Forage d'eau potable,1.1,Forage + abreuvoir,Accès à l'eau,p,N,,GAMIA-EST,GOMIA,BEMBEREKE,BORGOU,28000000
14577,Réaliser les forages,1.1,Forage simple,Accès à l'eau,p,N,,BADJOUDÈ,BADJOUDE,OUAKE,DONGA,12000000
13926,Réalisation d’un forage multifonctionnel à usage agro-pastoral,1.1,Forage simple,Accès à l'eau,s,P,COSO,KOUGNANGOU,KOUSSOUCOINGOU,BOUKOMBE,ATACORA,43825536
15205,Réalisation d’un forage multifonctionnel à usage agro-pastoral,1.1,Forage + abreuvoir,Accès à l'eau,s,P,COSO,KOUTATIÉGOU,BOUKOUMBE,BOUKOMBE,ATACORA,25000000
12341,Réalisation d’un forage multifonctionnel à usage agro-pastoral,1.1,Forage + abreuvoir,Accès à l'eau,s,P,COSO,MÊLAN,PENESSOULOU,BASSILA,DONGA,35880570
13621,Retenue d'eau plus abreuvoir,1.1,Forage + abreuvoir,Accès à l'eau,p,N,,KOUNADORGOU,KOUANDATA,NATITINGOU,ATACORA,28000000
13809,Realisation d’un Point d’eau,1.2a,Forage simple,Accès à l'eau,p,N,,PENITINGOU,COTIAKOU,TANGUIETA,ATACORA,12000000
12403,Installation de forages et abreuvoirs,1.1,Forage + abreuvoir,Accès à l'eau,p,N,,PÉNÉLAN,PENESSOULOU,BASSILA,DONGA,28000000
12422,Réalisation d'un point d’eau multifonctionnel à usage agropastoral avec ouvrages de prise et système solaire d'exploitation à Nioro kolina.,1.1,Forage + abreuvoir,Accès à l'eau,s,C,COSO,NIORO- KOLINA,PENESSOULOU,BASSILA,DONGA,35880570
12442,Installation de forages et abreuvoirs,1.1,Forage + abreuvoir,Accès à l'eau,p,N,,OULI,PENESSOULOU,BASSILA,DONGA,28000000
12472,"Réalisation des forages à koumontchirgou,Tatépita,oukountiégou,kouyiédangou,centre de santé de NATTA case",1.1,Forage + abreuvoir,Accès à l'eau,p,N,,KOUNAKOGOU,NATA,BOUKOMBE,ATACORA,28000000
12492,"Amélioration de l'accès à l'eau potable dans les hameaux de koutoutougou,tawatchota,koutakouo et Dikouani",1.1,Forage simple,Accès à l'eau,p,N,,KOUTCHA-KOUMAGOU,NATA,BOUKOMBE,ATACORA,12000000
12551,Accès à l'eau potable,1.1,Forage simple,Accès à l'eau,p,N,,SAKASSON-DOMPAGO,CHABI – COUMA,KOUANDE,ATACORA,12000000
12613,Insuffisance d'eau pour abreuvage des animaux,1.1,Forage + abreuvoir,Accès à l'eau,p,N,,SAKABOU,KOUANDE,KOUANDE,ATACORA,28000000
4365,Installation de forages,1.2a,Forage simple,Accès à l'eau,p,N,,ATCHAKITAM,SEMERE 1,OUAKE,DONGA,12000000
12799,INSUFFISANCE D'EAU POUR ABREUVAGE D'ANIMAUX,1.1,Forage + abreuvoir,Accès à l'eau,p,N,,BECKET-BOURAMÈ,KOUANDE,KOUANDE,ATACORA,28000000
14239,Construction d'un point d’eau agro-pastorale  multi - fonctionnel à Gabssi peulh,1.1,Forage simple,Accès à l'eau,p,N,,GBASSI,BOUCA,KALALE,BORGOU,12000000
13066,ACCÈS À L'EAU POTABLE,1.1,Forage simple,Accès à l'eau,p,N,,OROUGBÉNI,OROUKAYO,KOUANDE,ATACORA,12000000
13080,Eau potable,1.2a,Forage + abreuvoir,Accès à l'eau,p,N,,GAMBINOU,TOBRE,PEHUNCO,ATACORA,28000000
4089,Construire des forages (06),1.1,Forage simple,Accès à l'eau,p,N,,ATCHANKPA-KOLAH,SEMERE 1,OUAKE,DONGA,12000000
10484,Construire une retenue d'eau pour l'abreuvage des animaux,1.3,Forage + abreuvoir,Accès à l'eau,p,N,,TOUMBOUTOU SANTCHÉ,TOUMBOUTOU,MALANVILLE,ALIBORI,28000000
3365,Construire un forage agropastoral pour l’élevage,1.2b,Forage + abreuvoir,Accès à l'eau,p,N,,PAMOU,BADJOUDE,OUAKE,DONGA,28000000
3003,Aménagement de couloirs pastoraux et d’aires de pâturage,1.1,Forage + abreuvoir,Accès à l'eau,s,FNS,COSO,TAMANDÉ,BIRNI,KOUANDE,ATACORA,53000000
2984,Couloir de passage des animaux et retenue d'eau,1.1,Forage + abreuvoir,Accès à l'eau,p,N,,KOUBORO,BIRNI,KOUANDE,ATACORA,28000000
14866,Création d'une retenue d'eau agro-pastorale,1.1,Forage + abreuvoir,Accès à l'eau,p,N,,SÉRÉGOUROU,BOUCA,KALALE,BORGOU,28000000
11196,Délimitation et sécurisation du couloir de passages des animaux dubarrage de somparerou Gah à Nan'kounninrou,1.1,Forage + abreuvoir,Accès à l'eau,p,N,,SOMPARÉROU-GAH,PEHUNCO,PEHUNCO,ATACORA,28000000
13849,Forage,1.2a,Forage + abreuvoir,Accès à l'eau,p,N,,FATIYA,TOUKOUNTOUNA,TOUKOUNTOUNA,ATACORA,28000000
14198,Réalisation de points d'eau Agro pastorale à usage multiple muni de château avec panneaux solaires+équipements et/ou acquisition divers,1.1,Forage + abreuvoir,Accès à l'eau,p,N,,BOUCA,BOUCA,KALALE,BORGOU,28000000
2825,Construction d'une retenue d'eau pour les animaux et les activités de maraîchage,1.1,Forage + abreuvoir,Accès à l'eau,p,N,,CHABI COUMA,CHABI – COUMA,KOUANDE,ATACORA,28000000
14196,Étude et construction d'un barrage agro-pastorale,1.1,Forage + abreuvoir,Accès à l'eau,p,N,,BOUCA,BOUCA,KALALE,BORGOU,28000000
9802,"Extension et aménagement du marché de Guéné ( clôture de la façade, paver les allées, hangars pour les vendeuses, forage d'eau potable, hangars pour garde-velo etc..)",1.2b,Forage simple,Accès à l'eau,p,N,,GOUN-GOUN,GUENE,MALANVILLE,ALIBORI,12000000
8791,"Faciliter l'accès à l'eau à travers la réalisation d'un Point d'eau autonome pour desservir les hameaux de Dendikparou, Bagoudoukparou, Sabikpessara Bagoudou, Sagourou, Tassoukparou et abreuver les animaux",1.1,Forage simple,Accès à l'eau,p,N,,TÉKPAROU,TCHATCHOU,TCHAOUROU,BORGOU,12000000
8731,"Faciliter l'accès à l'eau à travers la réalisation d'un Point d'eau autonome pour desservir les hameaux de Paix, Wadora, Zongo, Garadiman boudo, Madina Djibrila Boudo Lafia boudo et abreuver les animaux.",1.1,Forage simple,Accès à l'eau,p,N,,WORIA,TCHATCHOU,TCHAOUROU,BORGOU,12000000
3635,Forage agropastoral,1.1,Forage + abreuvoir,Accès à l'eau,p,N,,TCHALADÈ,OUAKE,OUAKE,DONGA,28000000
5225,Construction de forage,1.1,Forage + abreuvoir,Accès à l'eau,p,N,,NANOGOU,PARTAGO,DJOUGOU,DONGA,28000000
5844,Installation d'un forage photovoltaïque au marché de Dunkassa,1.2a,Forage simple,Accès à l'eau,p,N,,DANGOROU,DUNKASSA,KALALE,BORGOU,12000000
13642,Insuffisance d’eau potable,1.1,Forage simple,Accès à l'eau,p,N,,TIGNINTI,KOUANDATA,NATITINGOU,ATACORA,12000000
7995,Point d’eau au niveau du marché,1.2a,Forage simple,Accès à l'eau,p,N,,SAKABANSI,NIKKI,NIKKI,BORGOU,12000000
13017,RÉALISATION DE CINQ FORAGE MUNI D’ABREVOIR ET OU MARRES,1.1,Forage simple,Accès à l'eau,p,N,,TANCÉ,FOO-TANCE,KOUANDE,ATACORA,12000000
11533,Réalisation de 5 forages multifonctionnels munis d’abreuvoir à OUROU-FINA et ses camps peulh,1.1,Forage + abreuvoir,Accès à l'eau,p,N,,OUROUFINA,GUILMARO,KOUANDE,ATACORA,28000000
11521,Réalisation de cinq forages multifonctionnels munis d’abreuvoir à KPAKOU-TANKONGA et ses camps peulh,1.1,Forage + abreuvoir,Accès à l'eau,p,N,,KPAKOU-TANKONGA,GUILMARO,KOUANDE,ATACORA,28000000
11545,Réalisation de cinq forages multifonctionnels munis d’abreuvoirs à Seri et ses camps peulh,1.1,Forage + abreuvoir,Accès à l'eau,p,N,,SÉRI,GUILMARO,KOUANDE,ATACORA,28000000
12200,Réalisation de forage dans le marché,1.1,Forage simple,Accès à l'eau,p,N,,IKOUNGA,BOUKOUMBE,BOUKOMBE,ATACORA,12000000
12295,Réalisation de forage dans le marché de Kouporgou,1.2b,Forage simple,Accès à l'eau,p,N,,KOUDOGOU,NATA,BOUKOMBE,ATACORA,12000000
12328,Réalisation de forage dans le marché de Kouporgou,1.2a,Forage simple,Accès à l'eau,p,N,,KOUWOTCHIRGOU,NATA,BOUKOMBE,ATACORA,12000000
3323,Réalisation de forage hydraulique pour l’approvisionnement en eau potable,1.2a,Forage simple,Accès à l'eau,p,N,,ALITOKOUM,BADJOUDE,OUAKE,DONGA,12000000
12965,Réalisation de forage muni d’abreuvoir et ou marres,1.1,Forage + abreuvoir,Accès à l'eau,p,N,,FOO,FOO-TANCE,KOUANDE,ATACORA,28000000
3316,Réalisation de forage pastorale,1.1,Forage + abreuvoir,Accès à l'eau,p,N,,ALITOKOUM,BADJOUDE,OUAKE,DONGA,28000000
3581,Réalisation  de forage photovoltaïque,1.1,Forage simple,Accès à l'eau,p,N,,SONATÉ,OUAKE,OUAKE,DONGA,12000000
12956,RÉALISATION de pompe dans le marché de TANCE,1.2a,Forage simple,Accès à l'eau,p,N,,DANRI DE FOO_TANCE,FOO-TANCE,KOUANDE,ATACORA,12000000
7270,Réalisation de quatre forages photovoltaïques  Équipements et/ou acquisitions diverses,1.2a,Forage simple,Accès à l'eau,p,N,,KALALÉ-SESSOUAN,KALALE,KALALE,BORGOU,12000000
4881,Réalisation d'un barrage au profit des éleveurs et autres,1.1,Forage + abreuvoir,Accès à l'eau,p,N,,BASSILA BAKABAKA,BASSILA,BASSILA,DONGA,28000000
7717,Réalisation d'un barrage hydro pastorale,1.1,Forage + abreuvoir,Accès à l'eau,p,N,,TÉPA,NIKKI,NIKKI,BORGOU,28000000
7403,Réalisation d'une retenue d'eau à but agro-pastoral,1.1,Forage + abreuvoir,Accès à l'eau,p,N,,PÉONGA,PEONGA,KALALE,BORGOU,28000000
7342,Réalisation d'une retenue d'eau agro-pastoral,1.1,Forage + abreuvoir,Accès à l'eau,p,N,,ANGARADÉBOU DE PÉONGA,PEONGA,KALALE,BORGOU,28000000
6962,Réalisation d'une retenue d'eau agro-pastorale dans la rivière LOUKOUKOÏ,1.1,Forage + abreuvoir,Accès à l'eau,p,N,,BOA,PEONGA,KALALE,BORGOU,28000000
4783,Réalisation d'un forage agro-pastorale au profit des éleveurs,1.1,Forage + abreuvoir,Accès à l'eau,p,N,,SÈLROU,DJOUGOU I,DJOUGOU,DONGA,28000000
7023,Réalisation d'une retenue d’eau agropastorale entre GNEL DJOBO et KORODJI,1.1,Forage + abreuvoir,Accès à l'eau,p,N,,KORODJI,PEONGA,KALALE,BORGOU,28000000
7002,Réalisation d'une retenue d’eau agropastorale entre GNEL DJOBO et KORODJI,1.1,Forage + abreuvoir,Accès à l'eau,p,N,,GNEL-DJOBO,PEONGA,KALALE,BORGOU,28000000
7063,Réalisation d'une retenue d’eau agropastorale pour les animaux,1.1,Forage + abreuvoir,Accès à l'eau,p,N,,BESSASSI-BÉA,KALALE,KALALE,BORGOU,28000000
4763,Réalisation d'une retenue d'eau au profit des éleveurs,1.1,Forage + abreuvoir,Accès à l'eau,p,N,,MORWATCHOHI,DJOUGOU I,DJOUGOU,DONGA,28000000
12221,Réalisation d’une retenue d’eau pour l’abreuvage des animaux,1.1,Forage + abreuvoir,Accès à l'eau,p,N,,KOUNAGNIGOU,NATA,BOUKOMBE,ATACORA,28000000
11681,Réalisation d’un forage multifonctionnel à usage agro-pastoral,1.1,Forage + abreuvoir,Accès à l'eau,s,FNS,COSO,MANTCHARI,DIPOLI,BOUKOMBE,ATACORA,46644980
3174,Réalisation d’une retenue d’eau pour l’abreuvement des animaux,1.1,Forage + abreuvoir,Accès à l'eau,p,N,,SAPAHA,DJOUGOU I,DJOUGOU,DONGA,28000000
3751,Réalisation d'une retenue d’eau pour l’abreuvement des animaux et les activités connexe,1.1,Forage + abreuvoir,Accès à l'eau,p,N,,AWANLA,OUAKE,OUAKE,DONGA,28000000
11217,"Réalisation d'un forage agropastoral à Kakouro au profit des éleveurs de Sonnin, de Kakouro, de karassanda",1.1,Forage + abreuvoir,Accès à l'eau,p,N,,GBÉBA DE PEHUNCO,PEHUNCO,PEHUNCO,ATACORA,28000000
15073,Réalisation d’un forage agro pastoral à Nimgoussourou,1.1,Forage + abreuvoir,Accès à l'eau,p,N,,NINGOUSSOUROU,TOBRE,PEHUNCO,ATACORA,28000000
4764,Réalisation d'un forage agro pastorale au profit des éleveurs,1.1,Forage + abreuvoir,Accès à l'eau,p,N,,MORWATCHOHI,DJOUGOU I,DJOUGOU,DONGA,28000000
10112,Réalisation d'un forage à usage multiple dans le marché de bétail,1.2a,Forage + abreuvoir,Accès à l'eau,p,N,,WOLLO-CHÂTEAU,MALANVILLE,MALANVILLE,ALIBORI,28000000
12367,Réalisation d’un forage dans le marché,1.2a,Forage simple,Accès à l'eau,p,N,,WOLO,PENESSOULOU,BASSILA,DONGA,12000000
13184,Réalisation d’un forage dans le marché de Nodi,1.2a,Forage simple,Accès à l'eau,p,N,,TAMPOURÉ-POGUÉ,NODI,MATERI,ATACORA,12000000
15184,Réalisation d’un forage multifonctionnel à usage agro-pastoral,1.1,Forage + abreuvoir,Accès à l'eau,s,FNS,COSO,KPÉRÉHOUN,NODI,MATERI,ATACORA,42500000
3855,Réalisation d'un forage d’eau potable dans le marché pasalouma,1.2a,Forage simple,Accès à l'eau,p,N,,KPÉLOUDÈ,OUAKE,OUAKE,DONGA,12000000
3336,Réalisation d’un forage pastorale,1.1,Forage + abreuvoir,Accès à l'eau,p,N,,ATCHANKOMOU,BADJOUDE,OUAKE,DONGA,28000000
4724,Réalisation d'un forage pastorale muni d’abreuvoir au profit des éleveurs,1.1,Forage + abreuvoir,Accès à l'eau,p,N,,FOUNGA,DJOUGOU I,DJOUGOU,DONGA,28000000
15043,Réalisation d’un forage pour le marché de boukombé,1.2a,Forage simple,Accès à l'eau,p,N,,KOUNTCHOUGOU,BOUKOUMBE,BOUKOMBE,ATACORA,12000000
8350,Réalisation d'un forages agropastoral multifonctionnel à Kourel fongo,1.1,Forage + abreuvoir,Accès à l'eau,p,N,,KOUREL,BOUCA,KALALE,BORGOU,28000000
9413,Réalisation d'un parc de contention avec forage équippé d’abreuvoir,1.1,Forage + abreuvoir,Accès à l'eau,p,N,,KANTORO,GUENE,MALANVILLE,ALIBORI,28000000
14831,Réalisation d'un point d'eau agro-pastorale multifonctionnel à kaala matchou,1.1,Forage simple,Accès à l'eau,p,N,,KAALA,BOUCA,KALALE,BORGOU,12000000
13378,Réalisation d’un forage multifonctionnel à usage agro-pastoral,1.1,Forage + abreuvoir,Accès à l'eau,s,FNS,COSO,TAPÈKOU,N’DAHONTA,TANGUIETA,ATACORA,42500000
8890,Amélioration des activités agro-pastorales par la réalisation d'une retenue d'eau,1.1,Forage + abreuvoir,Accès à l'eau,s,FNS,COSO,MAMASSY-GOURMA,BOGO-BOGO,KARIMAMA,ALIBORI,75000000
3362,Réaliser un forage hydraulique d’approvisionnement en eau potable dans le marché,1.2a,Forage simple,Accès à l'eau,p,N,,PAMOU,BADJOUDE,OUAKE,DONGA,12000000
3355,Réaliser un forage hydraulique d’approvisionnement en potable dans les hameaux,1.1,Forage simple,Accès à l'eau,p,N,,PAMOU,BADJOUDE,OUAKE,DONGA,12000000
5265,Réaliser un forage pour le groupements,1.2b,Forage simple,Accès à l'eau,p,N,,YARI,PENESSOULOU,BASSILA,DONGA,12000000
8354,Réaménagement du barrage en barrage agro-pastorale,1.1,Forage + abreuvoir,Accès à l'eau,p,N,,GAH- MARO-PEULH,NIKKI,NIKKI,BORGOU,28000000
9553,Réhabilitation du Barrage de Guéné-Zermè pour usage agropastorale,1.1,Forage + abreuvoir,Accès à l'eau,s,FNS,COSO,GUÉNÉ-ZERMÉ,GUENE,MALANVILLE,ALIBORI,24000000
7638,Réhabilitation du barrage Agro pastorale,1.1,Forage + abreuvoir,Accès à l'eau,p,N,,TAKOU,NIKKI,NIKKI,BORGOU,28000000
12744,"Rénovation du marché de marché de Taïfa (Construction de boutiques, de magasins, latrines à 4 cabines, forage avec château sur support métallique + système de pompage photovoltaïque + bornes fontaines et local technique et lampadaires",1.2a,Forage simple,Accès à l'eau,p,N,,ZONGO DE DJOUGOU1,DJOUGOU I,DJOUGOU,DONGA,12000000
12704,"Rénovation du marché de marché de Taïfa (Construction de boutiques, de magasins, latrines à 4 cabines, forage avec château sur support métallique + système de pompage photovoltaïque + bornes fontaines et local technique et lampadaires",1.2a,Forage simple,Accès à l'eau,p,N,,MADINA DE DJOUGOU1,DJOUGOU I,DJOUGOU,DONGA,12000000
7837,Réalisation d’un forage multifonctionnel à usage agro-pastoral,1.1,Forage simple,Accès à l'eau,s,FNS,COSO,SANSI,OUENOU,N’DALI,BORGOU,48000000
12724,"Rénovation du marché de marché de Taïfa (Construction de boutiques, de magasins, latrines à 4 cabines, forage avec château sur support métallique + système de pompage photovoltaïque + bornes fontaines et local technique et lampadaires)",1.2a,Forage simple,Accès à l'eau,p,N,,PÉTONI-POHO-GOROBANI,DJOUGOU I,DJOUGOU,DONGA,12000000
9926,2- Amélioration de l'accès à l'eau potable à travers la réalisation d’un (01) forage équipé de dispositif solaire plus château avec borne fontaine et système d'abreuvement,1.1,Forage + abreuvoir,Accès à l'eau,p,N,,GODJÉKOARA,MADECALI,MALANVILLE,ALIBORI,28000000
9931,2- Doter les femmes et les jeunes des motopompes,1.2a,Forage simple,Accès à l'eau,p,N,,GODJÉKOARA,MADECALI,MALANVILLE,ALIBORI,12000000
9913,4- Distribuer des motopompes aux femmes agricultrices,1.2a,Forage simple,Accès à l'eau,p,N,,ILLOUA,MADECALI,MALANVILLE,ALIBORI,12000000
10312,Accès à l'eau potable au niveau du marché,1.2a,Forage simple,Accès à l'eau,p,N,,GALIEL,MALANVILLE,MALANVILLE,ALIBORI,12000000
10293,Accès à l'eau potable au niveau du marché,1.2a,Forage simple,Accès à l'eau,p,N,,BODJÉCALI,MALANVILLE,MALANVILLE,ALIBORI,12000000
3871,Construction d'un forage pastoral à Katchikpassi,1.1,Forage + abreuvoir,Accès à l'eau,p,N,,MANKPASSI,KOMDE,OUAKE,DONGA,28000000
4774,"Acquisition du matériels ( motopompe, arrosoirs) au profit du maraîchage",1.2b,Forage simple,Accès à l'eau,p,N,,MORWATCHOHI,DJOUGOU I,DJOUGOU,DONGA,12000000
4316,Construction des forages,1.2a,Forage + abreuvoir,Accès à l'eau,p,N,,DAKA,SEMERE 1,OUAKE,DONGA,28000000
7558,Amélioration à l'accès à l'eau à travers la réalisation d'un point d'eau autonome pour desservir les localités et abreuver les animaux de ces localités+Un point d'eau sur le site maraicher,1.1,Forage simple,Accès à l'eau,p,N,,KOUBOU,TCHATCHOU,TCHAOUROU,BORGOU,12000000
8653,"Amélioration à l'accès à l'eau potable a travers la réalisation d'un point d'eau autonome pour desservir les localités de Aladji mama, koukouri, Gbékpanin et watahi",1.1,Forage simple,Accès à l'eau,p,N,,KINNOU-KPAROU,TCHATCHOU,TCHAOUROU,BORGOU,12000000
4433,Amélioration d’accès à l’eau potable à travers la réalisation d’un forage,1.1,Forage simple,Accès à l'eau,p,N,,IGBÈRÈ,MANIGRI,BASSILA,DONGA,12000000
4725,Réalisation d'un forage au profit du village,1.1,Forage + abreuvoir,Accès à l'eau,p,N,,FOUNGA,DJOUGOU I,DJOUGOU,DONGA,28000000
12764,Amélioration de l’accès à l'eau potable,1.2a,Forage simple,Accès à l'eau,p,N,,PÉTONI-POHO- PARTAGO,DJOUGOU I,DJOUGOU,DONGA,12000000
4217,Amélioration de l'accès à l'eau potable aux commerçants à l'aide d'un forage photovoltaïque,1.2a,Forage simple,Accès à l'eau,p,N,,GAO,SEMERE 2,OUAKE,DONGA,12000000
4257,Amélioration de l'accès à l'eau potable pour les commerçants à l'aide d'un forage photovoltaïque,1.2a,Forage simple,Accès à l'eau,p,N,,KAKPÉSSIA,SEMERE 2,OUAKE,DONGA,12000000
8981,Amélioration des conditions d'approvisionnement en eau potable dans le marché de karimama à travers la l'extension des bonnes de fontaines,1.2a,Forage simple,Accès à l'eau,p,N,,GOUROU BÉRI,KARIMAMA,KARIMAMA,ALIBORI,12000000
9008,Amélioration des conditions d'approvisionnement en eau potable dans le marché de karimama à travers la réhabilitation/construction de bornes fontaines.,1.2a,Forage simple,Accès à l'eau,p,N,,KARIMAMA-DENDI-KOURÉ,KARIMAMA,KARIMAMA,ALIBORI,12000000
7716,"Construction d'un module de trois salles de classes plus cantines, forage et 2 lampadaires solaires pour le compte de l'école primaire de Tépa",1.1,Forage simple,Accès à l'eau,s,C,COSO,TÉPA,NIKKI,NIKKI,BORGOU,30000000
11762,Réalisation d’un forage multifonctionnel à usage agro-pastoral,1.1,Forage + abreuvoir,Accès à l'eau,s,FNS,COSO,DIPOLI,DIPOLI,BOUKOMBE,ATACORA,46644980
7458,Amélioration des activités agropastorales à travers l'étude et l'aménagement d’une retenue d’eau  de grande capacité à,1.1,Forage + abreuvoir,Accès à l'eau,s,FNS,COSO,KALALÉ-PEULH,KALALE,KALALE,BORGOU,80000000
3793,Aménagé une retenue d’eau pastorale pour l’abreuvement des animaux,1.1,Forage + abreuvoir,Accès à l'eau,p,N,,KASSUA-ALLAH,OUAKE,OUAKE,DONGA,28000000
13444,Approvisionnement en eau potable au marché de Nodi,1.2a,Forage simple,Accès à l'eau,p,N,,N’ TCHIÉGA,NODI,MATERI,ATACORA,12000000
15190,Approvisionnement en eau pour le marché,1.2a,Forage simple,Accès à l'eau,p,N,,KPÉRÉHOUN,NODI,MATERI,ATACORA,12000000
11228,Besoin en eau potable,1.1,Forage simple,Accès à l'eau,p,N,,NASSOU,PEHUNCO,PEHUNCO,ATACORA,12000000
3546,Construction de forage dans le marché,1.2a,Forage simple,Accès à l'eau,p,N,,SOBITÈ,OUAKE,OUAKE,DONGA,12000000
11489,Construction de forage et des toilettes publiques dans le marché de Guilmaro,1.2a,Forage simple,Accès à l'eau,p,N,,GUILMARO-SINAKPAGOUROU,GUILMARO,KOUANDE,ATACORA,12000000
3602,Construction de forage photovoltaïque,1.2a,Forage simple,Accès à l'eau,p,N,,WAKITÈ,OUAKE,OUAKE,DONGA,12000000
11482,Construction de la clôture du centre de santé de Guilmaro plus forages,1.1,Forage simple,Accès à l'eau,p,N,,GUILMARO-SINAKPAGOUROU,GUILMARO,KOUANDE,ATACORA,12000000
9908,4-Amélioration de l'accès à l'eau potable à travers la réalisation d’un (01) forage équipé de dispositif solaire plus château avec borne fontaine et système d'abreuvement,1.1,Forage + abreuvoir,Accès à l'eau,p,N,,ILLOUA,MADECALI,MALANVILLE,ALIBORI,28000000
12701,"Construction de modules de trois classes, équipé et forage à l’EPP Madina",1.1,Forage simple,Accès à l'eau,p,N,,MADINA DE DJOUGOU1,DJOUGOU I,DJOUGOU,DONGA,12000000
10285,Réhabilitation d'un forage à usage multiple au profit de la communauté de bodjecali,1.1,Forage + abreuvoir,Accès à l'eau,p,N,,BODJÉCALI,MALANVILLE,MALANVILLE,ALIBORI,28000000
10308,Réalisation d'un forage à usage multiple,1.1,Forage + abreuvoir,Accès à l'eau,p,N,,GALIEL,MALANVILLE,MALANVILLE,ALIBORI,28000000
10346,Réalisation d'un forage à usage multiple au profit de la communauté,1.1,Forage + abreuvoir,Accès à l'eau,p,N,,TASSI-ZÉNON,MALANVILLE,MALANVILLE,ALIBORI,28000000
10508,Réaliser un forage équipé d'un système solaire au niveau du village,1.1,Forage simple,Accès à l'eau,p,N,,WANZAM-KOARA,TOUMBOUTOU,MALANVILLE,ALIBORI,12000000
10644,Construction d'un forage équipé de dispositifs solaires plus château d'eau plus bonne fontaine destinée à la consommation humaine et à l'abreuvement des animaux,1.1,Forage + abreuvoir,Accès à l'eau,p,N,,WARA-GBIDOGO,WARA,GOGOUNOU,ALIBORI,28000000
10704,Construction d'un forage équipé de dispositifs solaires plus château d'eau plus bonne fontaine destinée à l'usage humaine et aux animaux,1.1,Forage + abreuvoir,Accès à l'eau,p,N,,DASSARI DE WARA,WARA,GOGOUNOU,ALIBORI,28000000
3770,Construction d’une retenue d’eau pastorale et faire des ouverture des couloirs de passage des animaux,1.1,Forage + abreuvoir,Accès à l'eau,p,N,,KANTÈ,OUAKE,OUAKE,DONGA,28000000
5746,Construction d'un forage au marché de Gnonkourakali,1.2a,Forage simple,Accès à l'eau,p,N,,GNONKOURAKALI,GNONKOUROKALI,NIKKI,BORGOU,12000000
12479,Construction d'un forage dans le marché,1.2a,Forage simple,Accès à l'eau,p,N,,KOUNAKOGOU,NATA,BOUKOMBE,ATACORA,12000000
3010,Construction d'un point d'eau,1.2a,Forage simple,Accès à l'eau,p,N,,TAMANDÉ,BIRNI,KOUANDE,ATACORA,12000000
8813,Construction et équipement d'une retenue d'eau avec abreuvoir,1.1,Forage + abreuvoir,Accès à l'eau,p,N,,GOKANNA,TCHATCHOU,TCHAOUROU,BORGOU,28000000
13501,Réalisation d'un forage,1.1,Forage + abreuvoir,Accès à l'eau,p,N,,HOLLI DE NODI,NODI,MATERI,ATACORA,28000000
13956,Réalisation d’un forage multifonctionnel à usage agro-pastoral,1.1,Forage simple,Accès à l'eau,s,P,COSO,BORIBANSIFA,TOUKOUNTOUNA,TOUKOUNTOUNA,ATACORA,37500000
14100,Réalisation des forages au centre et dans les hameaux,1.1,Forage + abreuvoir,Accès à l'eau,p,N,,TONTAROU,NIKKI,NIKKI,BORGOU,28000000
14299,Réalisation d’un forage multifonctionnel à usage agro-pastoral,1.1,Forage + abreuvoir,Accès à l'eau,s,FNS,COSO,BOUYÉROU,OUENOU,N’DALI,BORGOU,65000000
13460,Forage et abreuvoir,1.1,Forage + abreuvoir,Accès à l'eau,p,N,,YÉDÉKAHOUN,NODI,MATERI,ATACORA,28000000
5317,Réalisation d'un forage,1.1,Forage + abreuvoir,Accès à l'eau,p,N,,KODOWARI,PENESSOULOU,BASSILA,DONGA,28000000
5406,Réalisation de forage,1.2b,Forage simple,Accès à l'eau,p,N,,DONWARI DE PARTAGO,PARTAGO,DJOUGOU,DONGA,12000000
13438,Point d'abreuvement des animaux (forage avec abreuvoir ),1.1,Forage + abreuvoir,Accès à l'eau,p,N,,N’ TCHIÉGA,NODI,MATERI,ATACORA,28000000
15147,Point  d’eau potable,1.1,Forage simple,Accès à l'eau,p,N,,GOUNTIA,TOBRE,PEHUNCO,ATACORA,12000000
10268,Réalisation de 12 forages équipés de pompes à motricité humaine,1.1,Forage simple,Accès à l'eau,p,N,,MOLLA,TOUMBOUTOU,MALANVILLE,ALIBORI,12000000
4418,Réalisation de forage dans le marché,1.2a,Forage simple,Accès à l'eau,p,N,,MANIGRI-OKÉ SOUANGBÉ,MANIGRI,BASSILA,DONGA,12000000
5347,Réalisation de forage pour le groupement de femmes,1.2b,Forage simple,Accès à l'eau,p,N,,MONMONGOU,PARTAGO,DJOUGOU,DONGA,12000000
5426,Réalisation de forage pour le groupement de femmes,1.2b,Forage simple,Accès à l'eau,p,N,,PARTAGO,PARTAGO,DJOUGOU,DONGA,12000000
4803,Réalisation des forages au profit de Sassirou et ses hameaux,1.1,Forage simple,Accès à l'eau,p,N,,SASSIROU,DJOUGOU I,DJOUGOU,DONGA,12000000
7168,Réalisation d’une pompe au sein du marché,1.2a,Forage simple,Accès à l'eau,p,N,,GUEMA,GNONKOUROKALI,NIKKI,BORGOU,12000000
10193,Réalisation d'un forage à usage multiple au niveau du marché de bétail de Malanville,1.2a,Forage + abreuvoir,Accès à l'eau,p,N,,TASSI-TÉDJI,MALANVILLE,MALANVILLE,ALIBORI,28000000
13608,Réalisation d’un forage dans le marché de tigninti,1.2a,Forage simple,Accès à l'eau,p,N,,KOUATIDABIRGOU,KOUANDATA,NATITINGOU,ATACORA,12000000
3837,Réalisation d'un forage d’eau potable dans le marché,1.2a,Forage simple,Accès à l'eau,p,N,,KPÉLITÉ,OUAKE,OUAKE,DONGA,12000000
13040,Réalisation d’un point d’eau à l’EPP TIKOY,1.1,Forage simple,Accès à l'eau,p,N,,TIKOU,FOO-TANCE,KOUANDE,ATACORA,12000000
11934,Réalisation d’un point d’eau à usage multifonctionnel à Koudawongou,1.1,Forage simple,Accès à l'eau,p,N,,KOUDAHONGOU,BOUKOUMBE,BOUKOMBE,ATACORA,12000000
3898,Réalisation d'un point d'eau dans le marché,1.2a,Forage simple,Accès à l'eau,p,N,,ASSODÈ,KOMDE,OUAKE,DONGA,12000000
11767,Réalisation d'un point d'eau potable dans le marché,1.2a,Forage simple,Accès à l'eau,p,N,,DIPOLI,DIPOLI,BOUKOMBE,ATACORA,12000000
11747,Réalisation d'un point d'eau potable dans le marché de Dikoumini,1.2a,Forage simple,Accès à l'eau,p,N,,OUKOUNSÉRIHOUN,DIPOLI,BOUKOMBE,ATACORA,12000000
5132,Réalisation d'un retenue d’eau au profit des éleveurs,1.1,Forage + abreuvoir,Accès à l'eau,p,N,,ZOUNTORI,DJOUGOU III,DJOUGOU,DONGA,28000000
5111,Réalisation d'un retenue d’eau au profit des éleveurs de la communauté,1.1,Forage + abreuvoir,Accès à l'eau,p,N,,SEHVESSI,DJOUGOU III,DJOUGOU,DONGA,28000000
5072,Réalisation d'un retenue d’eau au profit des jeunes éleveurs,1.1,Forage + abreuvoir,Accès à l'eau,p,N,,DÉNDOUGOU,DJOUGOU III,DJOUGOU,DONGA,28000000
9792,Réaliser des forages d'eau potable,1.1,Forage simple,Accès à l'eau,p,N,,GOUN-GOUN,GUENE,MALANVILLE,ALIBORI,12000000
3738,Réalisé un forage hydraulique dans le marché de pasalouma,1.2a,Forage simple,Accès à l'eau,p,N,,ASSARADÈ,OUAKE,OUAKE,DONGA,12000000
14022,Réhabilitation du forage et extension des points d'accès d'eau potable,1.2a,Forage simple,Accès à l'eau,p,N,,TAMPATOU,TOUKOUNTOUNA,TOUKOUNTOUNA,ATACORA,12000000
12746,"Rénovation du marché de marché de Taïfa (Construction de boutiques, de magasins, latrines à 4 cabines, forage avec château sur support métallique + système de pompage photovoltaïque + bornes fontaines et local technique et lampadaires",1.2a,Forage simple,Accès à l'eau,p,N,,ZONGO DE DJOUGOU1,DJOUGOU I,DJOUGOU,DONGA,12000000
12706,"Rénovation du marché de marché de Taïfa (Construction de boutiques, de magasins, latrines à 4 cabines, forage avec château sur support métallique + système de pompage photovoltaïque + bornes fontaines et local technique et lampadaires",1.2a,Forage simple,Accès à l'eau,p,N,,MADINA DE DJOUGOU1,DJOUGOU I,DJOUGOU,DONGA,12000000
12726,"Rénovation du marché de marché de Taïfa (Construction de boutiques, de magasins, latrines à 4 cabines, forage avec château sur support métallique + système de pompage photovoltaïque + bornes fontaines et local technique et lampadaires)",1.2a,Forage simple,Accès à l'eau,p,N,,PÉTONI-POHO-GOROBANI,DJOUGOU I,DJOUGOU,DONGA,12000000
11643,Réalisation d'un point d’eau multifonctionnel à usage agropastoral avec ouvrages de prise et système solaire d'exploitation à Gambinou,1.1,Forage + abreuvoir,Accès à l'eau,s,C,COSO,DISSAPOLI,DIPOLI,BOUKOMBE,ATACORA,46644980
3694,Construction d'un forage pastorale pour les animaux,1.1,Forage + abreuvoir,Accès à l'eau,p,N,,KOMDÈ,KOMDE,OUAKE,DONGA,28000000
4832,Acquisition des motopompes au profit des associations des jardiniers,1.2b,Forage simple,Accès à l'eau,p,N,,APPI,BASSILA,BASSILA,DONGA,12000000
8632,Amélioration à l'accès à l'eau potable a travers la réalisation d'un point d'eau autonome pour desservir les localités de Tico koukouri et Gbékpanin,1.1,Forage simple,Accès à l'eau,p,N,,SAKANA- KPÉBA,TCHATCHOU,TCHAOUROU,BORGOU,12000000
3277,Amélioration de l’accès à l’eau aux ménages de Kawado à l’aide d’un forage pour réduire les peines des femmes liées à l’approvisionnement en eau potable,1.1,Forage simple,Accès à l'eau,p,N,,KAWADO,TCHALINGA,OUAKE,DONGA,12000000
5018,Amélioration de l’accès à l’eau potable au profit de la communauté,1.2a,Forage simple,Accès à l'eau,p,N,,LÉMAN-MANDÈ,DJOUGOU II,DJOUGOU,DONGA,12000000
4939,Amélioration de l’accès à l’eau potable au profit de la communauté,1.2a,Forage simple,Accès à l'eau,p,N,,DJAKPINGOU,DJOUGOU II,DJOUGOU,DONGA,12000000
4960,Amélioration de l’accès à l’eau potable au profit de la communauté,1.2a,Forage simple,Accès à l'eau,p,N,,KPARSI,DJOUGOU II,DJOUGOU,DONGA,12000000
4999,Amélioration de l’accès à l’eau potable au profit du marché de Nalohou,1.2a,Forage simple,Accès à l'eau,p,N,,LÉMAN-BOGOU,DJOUGOU II,DJOUGOU,DONGA,12000000
4037,Amélioration de l’accès à l’eau potable aux commerçantes du marché de l’arrondissement à l’aide d’un forage photovoltaïque nécessaire pour réduire leurs peines en matière d’approvisionnement en l’eau potable,1.2a,Forage simple,Accès à l'eau,p,N,,ADÉDÉWO,SEMERE 2,OUAKE,DONGA,12000000
3260,Amélioration de l’accès à l’eau potable aux commerçants du marché de l’arrondissement à l’aide d’un forage photovoltaique nécessaire pour réduire leurs peines en matière d’approvisionnement en eau potable,1.2a,Forage simple,Accès à l'eau,p,N,,TCHALINGA,TCHALINGA,OUAKE,DONGA,12000000
4051,Amélioration de l’accès à l’eau potable aux ménages de Itchèlli à la réalisation d’un forage pour réduire les peines des femmes dues à l’approvisionnement en eau impropre à la consommation et aux intrigues dues aux maladies hydrique résultant de l’usages des eaux souillées,1.1,Forage simple,Accès à l'eau,p,N,,ITCHÈLLI,SEMERE 2,OUAKE,DONGA,12000000
3949,Amélioration de l’accès à l’eau potable aux ménages de Troucarré à travers la réalisation d’un forage pour réduire les peines des femmes dues à l’approvisionnement en eau impropre à la consommation et aux intrigues dues aux maladies hydriques résultant de l’usages des eaux souillées,1.1,Forage simple,Accès à l'eau,p,N,,TROUCARÉ-BAS,SEMERE 2,OUAKE,DONGA,12000000
12220,Amélioration de l’accès à l’eau potable dans les hameaux de kounagnigou,1.1,Forage simple,Accès à l'eau,p,N,,KOUNAGNIGOU,NATA,BOUKOMBE,ATACORA,12000000
4029,Réalisation d’un forage multifonctionnel à usage agro-pastoral,1.1,Forage simple,Accès à l'eau,s,P,COSO,ADÉDÉWO,SEMERE 2,OUAKE,DONGA,35000000
8970,Amélioration des conditions des producteurs de Riz à travers l'acquisition de motopompe.,1.2b,Forage simple,Accès à l'eau,p,N,,BELLO-TOUNGA,KARIMAMA,KARIMAMA,ALIBORI,12000000
5561,Aménagement de 5hecttares maraîcher équipé de forage,1.2b,Forage simple,Accès à l'eau,p,N,,NÉGANZI,BASSO,KALALE,BORGOU,12000000
6981,Réalisation de trois (03) points d'eau agro-pastorale à usage multiples,1.1,Forage + abreuvoir,Accès à l'eau,p,N,,BOA-GANDO,PEONGA,KALALE,BORGOU,28000000
7041,Réalisation de trois forages photovoltaïques+ équipements et où acquisition diverses,1.1,Forage + abreuvoir,Accès à l'eau,p,N,,BESSASSI,KALALE,KALALE,BORGOU,28000000
7246,Réalisation de trois forages photovoltaïques  Equipements et/ou acquisitions diverses,1.1,Forage + abreuvoir,Accès à l'eau,p,N,,KALALÉ,KALALE,KALALE,BORGOU,28000000
7289,Réalisation de trois forages photovoltaïques  Equipements et/ou acquisitions diverses,1.1,Forage + abreuvoir,Accès à l'eau,p,N,,NASSICONZI,KALALE,KALALE,BORGOU,28000000
7307,Amélioration du niveau d'accès à l'éducation à travers la construction d’un module de trois classes + Bureau- Magasin + Equipements + Bloc de latrines à quatre (04) cabines à l’EPP Danganzi plus un Poste d'Eau Autonome (PEA),1.1,Forage + abreuvoir,Accès à l'eau,s,C,COSO,DANGANZI,KALALE,KALALE,BORGOU,30000000
7131,Amélioration des revenus du groupement des femmes de Zambara  à travers la réhabilitation du périmètre maraîcher communautaire de Zambara + forage,1.2b,Forage simple,Accès à l'eau,s,C,COSO,ZAMBARA,KALALE,KALALE,BORGOU,2200000
7517,Réalisation de treize forages munis de château photovoltaïques dans les hameaux environnants de Yolla,1.1,Forage + abreuvoir,Accès à l'eau,p,N,,YOLLA,KALALE,KALALE,BORGOU,28000000
8533,Eau potable,1.1,Forage + abreuvoir,Accès à l'eau,p,N,,TITIROU,1ER  ARRONDISSEMENT,PARAKOU,BORGOU,28000000
8713,Création des points d'eau potable public,1.1,Forage + abreuvoir,Accès à l'eau,p,N,,TAMAROU,OUENOU,N’DALI,BORGOU,28000000
9575,Réalisation de forage à usage multiple,1.1,Forage + abreuvoir,Accès à l'eau,p,N,,ISSÉNÉ,GUENE,MALANVILLE,ALIBORI,28000000
9594,Réalisation de forage à usage multiple dans le village,1.1,Forage + abreuvoir,Accès à l'eau,p,N,,BOÏFFO,GUENE,MALANVILLE,ALIBORI,28000000
9675,Construction d'un forage équipé d'une pompe à Yambourakorou,1.1,Forage simple,Accès à l'eau,p,N,,YINYINPOGOU,FOUNOUGO,BANIKOARA,ALIBORI,12000000
9838,Réaliser des forages en eau potable,1.1,Forage simple,Accès à l'eau,p,N,,GBÉNIKI DE SOROKO,SOROKO,BANIKOARA,ALIBORI,12000000
10372,Accès à l'eau potable au niveau du marché,1.2a,Forage simple,Accès à l'eau,p,N,,KOTCHI,MALANVILLE,MALANVILLE,ALIBORI,12000000
10448,Réaliser un forage équipé de système solaire avec château,1.1,Forage simple,Accès à l'eau,p,N,,DÈGUÈ-DÈGUÉ,TOUMBOUTOU,MALANVILLE,ALIBORI,12000000
11549,"Construction des hangars,  latrines publiques , forage équipé de photovoltaïque et lampadaire solaire et magasin au profit du marché de Guilmaro",1.2a,Forage simple,Accès à l'eau,p,N,,SÉRI,GUILMARO,KOUANDE,ATACORA,12000000
6310,Construction d'un barrage hydro pastoral,1.1,Forage + abreuvoir,Accès à l'eau,p,N,,BÉRÉKOUDO,GUINAGOUROU,PERERE,BORGOU,28000000
11357,Amélioration de l’accès à l’eau potable (Forage équipé de dispositif solaire plus château d'eau et bornes fontaines),1.1,Forage + abreuvoir,Accès à l'eau,s,C,COSO,GOUANDÉ,GOUANDE,MATERI,ATACORA,40000000
12901,DIFFICILE ACCES A L'EAU POTABLE A KPOKOTIA ET BOREKOU,1.1,Forage + abreuvoir,Accès à l'eau,p,N,,MARY,KOUANDE,KOUANDE,ATACORA,28000000
13831,Construction d’un point d’eau,1.2a,Forage simple,Accès à l'eau,p,N,,TORA,COTIAKOU,TANGUIETA,ATACORA,12000000
4069,"Amélioration d'accès à l'eau potable pour usage multiple (homme et bétail) par la réalisation d'un Poste d'eau Autonome (PEA) équipé de dispositif photovoltaïque, de chateaux, de bornes fontaines et d'abreuvoirs au profit de la communauté de Agbandarè",1.1,Forage simple,Accès à l'eau,s,C,COSO,AGBANDARÈ,SEMERE 1,OUAKE,DONGA,38000000
13461,Réalisation d'un forage,1.1,Forage + abreuvoir,Accès à l'eau,p,N,,YÉDÉKAHOUN,NODI,MATERI,ATACORA,28000000
4327,"Créer, équiper et exploiter un centre de formation artisanale de réparation, d'entretien et de maintien des forages",1.3,Forage simple,Accès à l'eau,p,N,,DAKA,SEMERE 1,OUAKE,DONGA,12000000
13843,Amélioration de l’accès à l’eau potable (Forage équipé de dispositif solaire plus château d'eau et bornes fontaines),1.1,Forage + abreuvoir,Accès à l'eau,s,C,COSO,FATIYA,TOUKOUNTOUNA,TOUKOUNTOUNA,ATACORA,37500000
8433,Eau potable à l'EPP sawararou,1.1,Forage simple,Accès à l'eau,p,N,,SAWARAROU,1ER  ARRONDISSEMENT,PARAKOU,BORGOU,12000000
5186,Fourage au profit des communautés peulhs dans les camps peuhls,1.1,Forage + abreuvoir,Accès à l'eau,p,N,,SALMANGA,PENESSOULOU,BASSILA,DONGA,28000000
5233,Eau potable,1.1,Forage + abreuvoir,Accès à l'eau,p,N,,DABOGOU,PARTAGO,DJOUGOU,DONGA,28000000
7823,Installation d’un forage dans le marché de Fombawi,1.2a,Forage simple,Accès à l'eau,p,N,,WÉKÉTÈRÈ,OUENOU,N’DALI,BORGOU,12000000
2966,Point d'eau au niveau du marché,1.1,Forage simple,Accès à l'eau,p,N,,BIRNI-KANKOULKA,BIRNI,KOUANDE,ATACORA,12000000
11449,Réalisation de cinq forages multifonctionnelle équipé de photovoltaïque et muni d’un abreuvoir dans le village de Fo-Mama et ses hameaux,1.1,Forage + abreuvoir,Accès à l'eau,p,N,,FOO-MAMA,GUILMARO,KOUANDE,ATACORA,28000000
10352,Réalisation de forage au niveau du marché,1.2a,Forage simple,Accès à l'eau,p,N,,TASSI-ZÉNON,MALANVILLE,MALANVILLE,ALIBORI,12000000
5296,Réalisation de forage pour le camp peulh,1.1,Forage simple,Accès à l'eau,p,N,,PÉNESSOULOU,PENESSOULOU,BASSILA,DONGA,12000000
11218,"Réalisation de forages dans chacune des localité de : Gbéba, Kakouro, Gbéba-gourou, Toutouré",1.1,Forage simple,Accès à l'eau,p,N,,GBÉBA DE PEHUNCO,PEHUNCO,PEHUNCO,ATACORA,12000000
7061,Réalisation de quatre forages photovoltaïques à usage multiples,1.1,Forage simple,Accès à l'eau,p,N,,BESSASSI-BÉA,KALALE,KALALE,BORGOU,12000000
13180,Réalisation d’un barrage agropastoral,1.1,Forage + abreuvoir,Accès à l'eau,p,N,,TAMPOURÉ-POGUÉ,NODI,MATERI,ATACORA,28000000
10392,Réalisation d'un forage au niveau du marché de bétail,1.2a,Forage + abreuvoir,Accès à l'eau,p,N,,WOLLO,MALANVILLE,MALANVILLE,ALIBORI,28000000
12348,Réalisation d'un forage dans le marché,1.2a,Forage simple,Accès à l'eau,p,N,,MÊLAN,PENESSOULOU,BASSILA,DONGA,12000000
12240,Réalisation d’un forage dans le marché,1.2a,Forage simple,Accès à l'eau,p,N,,KOUPORGOU,NATA,BOUKOMBE,ATACORA,12000000
12457,Réalisation d'un forage dans le marché de kouporgou,1.2a,Forage simple,Accès à l'eau,p,N,,KOUKPINTIEGOU,NATA,BOUKOMBE,ATACORA,12000000
3816,Réalisation d'un forage d’eau potable dans le village,1.2a,Forage simple,Accès à l'eau,p,N,,KOUKOULOUNDA,OUAKE,OUAKE,DONGA,12000000
15146,Réalisation d’un point d’eau,1.1,Forage simple,Accès à l'eau,p,N,,GOUNTIA,TOBRE,PEHUNCO,ATACORA,12000000
15125,Réalisation d’un point d’eau multifonctionel,1.1,Forage simple,Accès à l'eau,p,N,,BANA,TOBRE,PEHUNCO,ATACORA,12000000
4981,Réalisation d'un point d’eau pour le marché,1.2a,Forage simple,Accès à l'eau,p,N,,KPATOUHOU,DJOUGOU II,DJOUGOU,DONGA,12000000
5246,Réaliser d'un point d'eau pour le groupements,1.2b,Forage simple,Accès à l'eau,p,N,,TCHÉTOU,PENESSOULOU,BASSILA,DONGA,12000000
6482,Réhabilitation d'une pompe à motricité humaine et réalisation d'un forage photovoltaïque,1.1,Forage simple,Accès à l'eau,p,N,,GUINAGOUROU,GUINAGOUROU,PERERE,BORGOU,12000000
9580,"Réhabilitation et construction de hangars, de boutiques, de douches, installation des kits solaires, construction d'une pompe et installation d'une bouche d'incendie dans le marché de Sakawan",1.2a,Forage simple,Accès à l'eau,p,N,,ISSÉNÉ,GUENE,MALANVILLE,ALIBORI,12000000
11985,"Renforcement de capacités des jeunes du groupement KOUTITE sur les techniques de production des produits maraîchers et dotation d’une motopompe, arrosoir bottes...",1.2b,Forage simple,Accès à l'eau,p,N,,KOUKOUATCHIENGOU,BOUKOUMBE,BOUKOMBE,ATACORA,12000000
12745,"Rénovation du marché de marché de Taïfa (Construction de boutiques, de magasins, latrines à 4 cabines, forage avec château sur support métallique + système de pompage photovoltaïque + bornes fontaines et local technique et lampadaires",1.2a,Forage simple,Accès à l'eau,p,N,,ZONGO DE DJOUGOU1,DJOUGOU I,DJOUGOU,DONGA,12000000
12705,"Rénovation du marché de marché de Taïfa (Construction de boutiques, de magasins, latrines à 4 cabines, forage avec château sur support métallique + système de pompage photovoltaïque + bornes fontaines et local technique et lampadaires",1.2a,Forage simple,Accès à l'eau,p,N,,MADINA DE DJOUGOU1,DJOUGOU I,DJOUGOU,DONGA,12000000
8613,Travaux de réhabilitation du barrage de Boukoussera pour servir d'abreuvoir et de pisciculture,1.1,Forage + abreuvoir,Accès à l'eau,p,N,,BOUKOUSSÉRA,TCHATCHOU,TCHAOUROU,BORGOU,28000000
12381,Réalisation d’un forage multifonctionnel à usage agro-pastoral,1.1,Forage + abreuvoir,Accès à l'eau,s,P,COSO,TABA,PENESSOULOU,BASSILA,DONGA,35880570
12519,Installation de forage dans le marché de kouporgou,1.2a,Forage simple,Accès à l'eau,p,N,,KOUTOUTOUGOU,NATA,BOUKOMBE,ATACORA,12000000
12429,Installation de forage dans le marché de salmaga,1.2a,Forage simple,Accès à l'eau,p,N,,NIORO- KOLINA,PENESSOULOU,BASSILA,DONGA,12000000
5887,Installation d'un forage photovoltaïque,1.2a,Forage simple,Accès à l'eau,p,N,,KIRICOUBÈ,DUNKASSA,KALALE,BORGOU,12000000
3129,Point d'eau,1.2a,Forage simple,Accès à l'eau,p,N,,ANANDANA,ANANDANA,COPARGO,DONGA,12000000
10213,Réalisation de 2 forages équipés de pompes à motricité humaine dans le marché de Sakawan Zénon,1.2a,Forage simple,Accès à l'eau,p,N,,SAKAWAN-TÉDJI,TOUMBOUTOU,MALANVILLE,ALIBORI,12000000
12720,"Réalisation de module de trois classes, équipé de mobiliers avec cantine et forage à l’EPP Gorobani",1.1,Forage simple,Accès à l'eau,p,N,,PÉTONI-POHO-GOROBANI,DJOUGOU I,DJOUGOU,DONGA,12000000
6663,Réalisation de pompes à motricité humaine à Kararou et koukerou,1.1,Forage simple,Accès à l'eau,p,N,,GANDO-ALAFIAROU,GUINAGOUROU,PERERE,BORGOU,12000000
4744,Réalisation d'un forage agro pastorale,1.1,Forage + abreuvoir,Accès à l'eau,p,N,,GAH,DJOUGOU I,DJOUGOU,DONGA,28000000
4829,Réalisation d'un forage à l'intérieur du marché central de Bassila,1.2a,Forage simple,Accès à l'eau,p,N,,APPI,BASSILA,BASSILA,DONGA,12000000
4834,Réalisation d'un forage pour le marechage,1.2b,Forage simple,Accès à l'eau,p,N,,APPI,BASSILA,BASSILA,DONGA,12000000
15088,Réalisation d’un point d’eau à la maison des jeunes de,1.3,Forage simple,Accès à l'eau,p,N,,NINGOUSSOUROU,TOBRE,PEHUNCO,ATACORA,12000000
13222,Réalisation d’un point d’eau à usage multifonctionnel,1.1,Forage simple,Accès à l'eau,p,N,,KOUARHOUN,NODI,MATERI,ATACORA,12000000
15114,Réalisation d’un point d’eau dans le marché de Sinaou,1.2a,Forage simple,Accès à l'eau,p,N,,SINAOU,TOBRE,PEHUNCO,ATACORA,12000000
15078,Réalisation d’un point d’eau dans le marché de Tobré,1.2a,Forage simple,Accès à l'eau,p,N,,NINGOUSSOUROU,TOBRE,PEHUNCO,ATACORA,12000000
15062,Réalisation d’un point d’eau dans le marché de Tobré,1.2b,Forage simple,Accès à l'eau,p,N,,MARÉ OROU GAH,TOBRE,PEHUNCO,ATACORA,12000000
3775,Réalisation d’un point d’eau dans le marché katakpala,1.2a,Forage simple,Accès à l'eau,p,N,,KANTÈ,OUAKE,OUAKE,DONGA,12000000
11120,réalisation d'un point d'eau potable,1.1,Forage simple,Accès à l'eau,p,N,,SOAODOU,PEHUNCO,PEHUNCO,ATACORA,12000000
13003,Réalisation d’un point d’eau potable dans le marché,1.2a,Forage simple,Accès à l'eau,p,N,,OROUBOUSSOUKOU,FOO-TANCE,KOUANDE,ATACORA,12000000
12984,Réalisation d’un point d’eau potable dans le marché,1.2a,Forage simple,Accès à l'eau,p,N,,MAKA,FOO-TANCE,KOUANDE,ATACORA,12000000
3505,Réaliser les  forages hydrauliques améliorer l'accès de les ménages en eau potable,1.2a,Forage simple,Accès à l'eau,p,N,,KAKPALA,BADJOUDE,OUAKE,DONGA,12000000
12495,Réhabilitation des puits,1.1,Forage simple,Accès à l'eau,p,N,,KOUTCHA-KOUMAGOU,NATA,BOUKOMBE,ATACORA,12000000
12727,"Rénovation du marché de marché de Taïfa (Construction de boutiques, de magasins, latrines à 4 cabines, forage avec château sur support métallique + système de pompage photovoltaïque + bornes fontaines et local technique et lampadaires)",1.2a,Forage simple,Accès à l'eau,p,N,,PÉTONI-POHO-GOROBANI,DJOUGOU I,DJOUGOU,DONGA,12000000
12725,"Rénovation du marché de marché de Taïfa (Construction de boutiques, de magasins, latrines à 4 cabines, forage avec château sur support métallique + système de pompage photovoltaïque + bornes fontaines et local technique et lampadaires)",1.2a,Forage simple,Accès à l'eau,p,N,,PÉTONI-POHO-GOROBANI,DJOUGOU I,DJOUGOU,DONGA,12000000
3108,Un point d'eau potable,1.2a,Forage simple,Accès à l'eau,p,N,,SÈTRAH,ANANDANA,COPARGO,DONGA,12000000
